Kod;Proces;Warstwa;Grupa;Tory (role);Wlasciciel;Komorka;Aktywa AI;Systemy;Dane medyczne;BPMN;PNG;PDF
Z1.01;Stanowienie strategicznych decyzji właścicielskich;Zarządczy;Z1. Nadzór korporacyjny i strategia;Zarząd / Zgromadzenie Wspólników;ZW;Zgromadzenie Wspólników;;;Nie;1_Zarzadczy_Z/Z1_Nadzor-korporacyjny-i-strategia/Z1.01__Stanowienie-strategicznych-decyzji-wlascicielskich.bpmn;1_Zarzadczy_Z/Z1_Nadzor-korporacyjny-i-strategia/Z1.01__Stanowienie-strategicznych-decyzji-wlascicielskich.png;1_Zarzadczy_Z/Z1_Nadzor-korporacyjny-i-strategia/Z1.01__Stanowienie-strategicznych-decyzji-wlascicielskich.pdf
Z1.02;Zatwierdzanie sprawozdań finansowych i podziału wyniku;Zarządczy;Z1. Nadzór korporacyjny i strategia;Zarząd / Rada Nadzorcza / Zgromadzenie Wspólników;ZW;Zgromadzenie Wspólników;;;Nie;1_Zarzadczy_Z/Z1_Nadzor-korporacyjny-i-strategia/Z1.02__Zatwierdzanie-sprawozdan-finansowych-i-podzialu-wy.bpmn;1_Zarzadczy_Z/Z1_Nadzor-korporacyjny-i-strategia/Z1.02__Zatwierdzanie-sprawozdan-finansowych-i-podzialu-wy.png;1_Zarzadczy_Z/Z1_Nadzor-korporacyjny-i-strategia/Z1.02__Zatwierdzanie-sprawozdan-finansowych-i-podzialu-wy.pdf
Z1.03;Powoływanie i odwoływanie członków Rady Nadzorczej;Zarządczy;Z1. Nadzór korporacyjny i strategia;Zgromadzenie Wspólników / Dział Organizacyjno-Prawny;ZW;Zgromadzenie Wspólników;;;Nie;1_Zarzadczy_Z/Z1_Nadzor-korporacyjny-i-strategia/Z1.03__Powolywanie-i-odwolywanie-czlonkow-Rady-Nadzorczej.bpmn;1_Zarzadczy_Z/Z1_Nadzor-korporacyjny-i-strategia/Z1.03__Powolywanie-i-odwolywanie-czlonkow-Rady-Nadzorczej.png;1_Zarzadczy_Z/Z1_Nadzor-korporacyjny-i-strategia/Z1.03__Powolywanie-i-odwolywanie-czlonkow-Rady-Nadzorczej.pdf
Z1.04;Nadzór nad działalnością Spółki;Zarządczy;Z1. Nadzór korporacyjny i strategia;Zarząd / Rada Nadzorcza;RN;Rada Nadzorcza;;;Nie;1_Zarzadczy_Z/Z1_Nadzor-korporacyjny-i-strategia/Z1.04__Nadzor-nad-dzialalnoscia-Spolki.bpmn;1_Zarzadczy_Z/Z1_Nadzor-korporacyjny-i-strategia/Z1.04__Nadzor-nad-dzialalnoscia-Spolki.png;1_Zarzadczy_Z/Z1_Nadzor-korporacyjny-i-strategia/Z1.04__Nadzor-nad-dzialalnoscia-Spolki.pdf
Z1.05;Powoływanie i odwoływanie członków Zarządu;Zarządczy;Z1. Nadzór korporacyjny i strategia;Rada Nadzorcza / Dział Organizacyjno-Prawny;RN;Rada Nadzorcza;;;Nie;1_Zarzadczy_Z/Z1_Nadzor-korporacyjny-i-strategia/Z1.05__Powolywanie-i-odwolywanie-czlonkow-Zarzadu.bpmn;1_Zarzadczy_Z/Z1_Nadzor-korporacyjny-i-strategia/Z1.05__Powolywanie-i-odwolywanie-czlonkow-Zarzadu.png;1_Zarzadczy_Z/Z1_Nadzor-korporacyjny-i-strategia/Z1.05__Powolywanie-i-odwolywanie-czlonkow-Zarzadu.pdf
Z1.06;Opiniowanie sprawozdań i kluczowych decyzji strategicznych;Zarządczy;Z1. Nadzór korporacyjny i strategia;Zarząd / Rada Nadzorcza;RN;Rada Nadzorcza;;;Nie;1_Zarzadczy_Z/Z1_Nadzor-korporacyjny-i-strategia/Z1.06__Opiniowanie-sprawozdan-i-kluczowych-decyzji-strate.bpmn;1_Zarzadczy_Z/Z1_Nadzor-korporacyjny-i-strategia/Z1.06__Opiniowanie-sprawozdan-i-kluczowych-decyzji-strate.png;1_Zarzadczy_Z/Z1_Nadzor-korporacyjny-i-strategia/Z1.06__Opiniowanie-sprawozdan-i-kluczowych-decyzji-strate.pdf
Z1.07;Zarządzanie strategiczne i operacyjne Spółką;Zarządczy;Z1. Nadzór korporacyjny i strategia;Zarząd / Dyrektorzy pionów / Rada Nadzorcza;Zarząd;Z;;;Nie;1_Zarzadczy_Z/Z1_Nadzor-korporacyjny-i-strategia/Z1.07__Zarzadzanie-strategiczne-i-operacyjne-Spolka.bpmn;1_Zarzadczy_Z/Z1_Nadzor-korporacyjny-i-strategia/Z1.07__Zarzadzanie-strategiczne-i-operacyjne-Spolka.png;1_Zarzadczy_Z/Z1_Nadzor-korporacyjny-i-strategia/Z1.07__Zarzadzanie-strategiczne-i-operacyjne-Spolka.pdf
Z1.08;Planowanie strategiczne (strategia, plan rzeczowo-finansowy);Zarządczy;Z1. Nadzór korporacyjny i strategia;Zarząd / Dyrektorzy pionów / Rada Nadzorcza;Zarząd;Z;;;Nie;1_Zarzadczy_Z/Z1_Nadzor-korporacyjny-i-strategia/Z1.08__Planowanie-strategiczne-strategia-plan-rzeczowo-fi.bpmn;1_Zarzadczy_Z/Z1_Nadzor-korporacyjny-i-strategia/Z1.08__Planowanie-strategiczne-strategia-plan-rzeczowo-fi.png;1_Zarzadczy_Z/Z1_Nadzor-korporacyjny-i-strategia/Z1.08__Planowanie-strategiczne-strategia-plan-rzeczowo-fi.pdf
Z1.09;Reprezentacja Spółki na zewnątrz;Zarządczy;Z1. Nadzór korporacyjny i strategia;Zarząd / Dział Organizacyjno-Prawny;Zarząd;Z;;;Nie;1_Zarzadczy_Z/Z1_Nadzor-korporacyjny-i-strategia/Z1.09__Reprezentacja-Spolki-na-zewnatrz.bpmn;1_Zarzadczy_Z/Z1_Nadzor-korporacyjny-i-strategia/Z1.09__Reprezentacja-Spolki-na-zewnatrz.png;1_Zarzadczy_Z/Z1_Nadzor-korporacyjny-i-strategia/Z1.09__Reprezentacja-Spolki-na-zewnatrz.pdf
Z1.10;Sprawozdawczość korporacyjna (KRS, BIP);Zarządczy;Z1. Nadzór korporacyjny i strategia;Dział Organizacyjno-Prawny / Zarząd;Zarząd / K.DOP;Z, K.DOP;;;Nie;1_Zarzadczy_Z/Z1_Nadzor-korporacyjny-i-strategia/Z1.10__Sprawozdawczosc-korporacyjna-KRS-BIP.bpmn;1_Zarzadczy_Z/Z1_Nadzor-korporacyjny-i-strategia/Z1.10__Sprawozdawczosc-korporacyjna-KRS-BIP.png;1_Zarzadczy_Z/Z1_Nadzor-korporacyjny-i-strategia/Z1.10__Sprawozdawczosc-korporacyjna-KRS-BIP.pdf
Z1.11;Kontrola zarządcza (cele, ryzyka, mechanizmy kontrolne, oświadczenie roczne - ustawa o finansach publicznych);Zarządczy;Z1. Nadzór korporacyjny i strategia;Dyrektorzy pionów / Zarząd;Zarząd / Dyrektorzy pionów;Z, DFK;;;Nie;1_Zarzadczy_Z/Z1_Nadzor-korporacyjny-i-strategia/Z1.11__Kontrola-zarzadcza-cele-ryzyka-mechanizmy-kontroln.bpmn;1_Zarzadczy_Z/Z1_Nadzor-korporacyjny-i-strategia/Z1.11__Kontrola-zarzadcza-cele-ryzyka-mechanizmy-kontroln.png;1_Zarzadczy_Z/Z1_Nadzor-korporacyjny-i-strategia/Z1.11__Kontrola-zarzadcza-cele-ryzyka-mechanizmy-kontroln.pdf
Z2.01;Utrzymanie Zintegrowanego Systemu Zarządzania (ISO 9001/14001);Zarządczy;Z2. Systemy zgodności (ZSZ, SZBI, Akredytacja);Pełnomocnik systemu / Właściciele procesów / Zarząd;PZSZ;PZSZ;;;Nie;1_Zarzadczy_Z/Z2_Systemy-zgodnosci-ZSZ-SZBI-Akredytacja/Z2.01__Utrzymanie-Zintegrowanego-Systemu-Zarzadzania-ISO.bpmn;1_Zarzadczy_Z/Z2_Systemy-zgodnosci-ZSZ-SZBI-Akredytacja/Z2.01__Utrzymanie-Zintegrowanego-Systemu-Zarzadzania-ISO.png;1_Zarzadczy_Z/Z2_Systemy-zgodnosci-ZSZ-SZBI-Akredytacja/Z2.01__Utrzymanie-Zintegrowanego-Systemu-Zarzadzania-ISO.pdf
Z2.02;Planowanie i prowadzenie audytów wewnętrznych ZSZ;Zarządczy;Z2. Systemy zgodności (ZSZ, SZBI, Akredytacja);Audytorzy wewnętrzni / Audytowana komórka / Pełnomocnik systemu;PZSZ;PZSZ;;;Nie;1_Zarzadczy_Z/Z2_Systemy-zgodnosci-ZSZ-SZBI-Akredytacja/Z2.02__Planowanie-i-prowadzenie-audytow-wewnetrznych-ZSZ.bpmn;1_Zarzadczy_Z/Z2_Systemy-zgodnosci-ZSZ-SZBI-Akredytacja/Z2.02__Planowanie-i-prowadzenie-audytow-wewnetrznych-ZSZ.png;1_Zarzadczy_Z/Z2_Systemy-zgodnosci-ZSZ-SZBI-Akredytacja/Z2.02__Planowanie-i-prowadzenie-audytow-wewnetrznych-ZSZ.pdf
Z2.03;Przeglądy zarządzania ZSZ;Zarządczy;Z2. Systemy zgodności (ZSZ, SZBI, Akredytacja);Pełnomocnik systemu / Zarząd;PZSZ / Zarząd;PZSZ, Z;;;Nie;1_Zarzadczy_Z/Z2_Systemy-zgodnosci-ZSZ-SZBI-Akredytacja/Z2.03__Przeglady-zarzadzania-ZSZ.bpmn;1_Zarzadczy_Z/Z2_Systemy-zgodnosci-ZSZ-SZBI-Akredytacja/Z2.03__Przeglady-zarzadzania-ZSZ.png;1_Zarzadczy_Z/Z2_Systemy-zgodnosci-ZSZ-SZBI-Akredytacja/Z2.03__Przeglady-zarzadzania-ZSZ.pdf
Z2.04;Przygotowanie i utrzymanie akredytacji CMJ;Zarządczy;Z2. Systemy zgodności (ZSZ, SZBI, Akredytacja);Pełnomocnik ds. Akredytacji / Komórki kliniczne / Zarząd;PA;PA;;;Tak;1_Zarzadczy_Z/Z2_Systemy-zgodnosci-ZSZ-SZBI-Akredytacja/Z2.04__Przygotowanie-i-utrzymanie-akredytacji-CMJ.bpmn;1_Zarzadczy_Z/Z2_Systemy-zgodnosci-ZSZ-SZBI-Akredytacja/Z2.04__Przygotowanie-i-utrzymanie-akredytacji-CMJ.png;1_Zarzadczy_Z/Z2_Systemy-zgodnosci-ZSZ-SZBI-Akredytacja/Z2.04__Przygotowanie-i-utrzymanie-akredytacji-CMJ.pdf
Z2.05;Wdrażanie standardów akredytacyjnych w komórkach klinicznych;Zarządczy;Z2. Systemy zgodności (ZSZ, SZBI, Akredytacja);Pełnomocnik ds. Akredytacji / Komórki kliniczne / Zarząd;PA / DM;PA, DM;;;Tak;1_Zarzadczy_Z/Z2_Systemy-zgodnosci-ZSZ-SZBI-Akredytacja/Z2.05__Wdrazanie-standardow-akredytacyjnych-w-komorkach-k.bpmn;1_Zarzadczy_Z/Z2_Systemy-zgodnosci-ZSZ-SZBI-Akredytacja/Z2.05__Wdrazanie-standardow-akredytacyjnych-w-komorkach-k.png;1_Zarzadczy_Z/Z2_Systemy-zgodnosci-ZSZ-SZBI-Akredytacja/Z2.05__Wdrazanie-standardow-akredytacyjnych-w-komorkach-k.pdf
Z2.06;Zarządzanie SZBI (ISO 27001);Zarządczy;Z2. Systemy zgodności (ZSZ, SZBI, Akredytacja);Pełnomocnik ds. SZBI / Właściciele procesów / Zarząd;PBI;PBI;;;Nie;1_Zarzadczy_Z/Z2_Systemy-zgodnosci-ZSZ-SZBI-Akredytacja/Z2.06__Zarzadzanie-SZBI-ISO-27001.bpmn;1_Zarzadczy_Z/Z2_Systemy-zgodnosci-ZSZ-SZBI-Akredytacja/Z2.06__Zarzadzanie-SZBI-ISO-27001.png;1_Zarzadczy_Z/Z2_Systemy-zgodnosci-ZSZ-SZBI-Akredytacja/Z2.06__Zarzadzanie-SZBI-ISO-27001.pdf
Z2.07;Audyty wewnętrzne SZBI;Zarządczy;Z2. Systemy zgodności (ZSZ, SZBI, Akredytacja);Audytorzy wewnętrzni / Audytowana komórka / Pełnomocnik ds. SZBI;PBI;PBI;;;Nie;1_Zarzadczy_Z/Z2_Systemy-zgodnosci-ZSZ-SZBI-Akredytacja/Z2.07__Audyty-wewnetrzne-SZBI.bpmn;1_Zarzadczy_Z/Z2_Systemy-zgodnosci-ZSZ-SZBI-Akredytacja/Z2.07__Audyty-wewnetrzne-SZBI.png;1_Zarzadczy_Z/Z2_Systemy-zgodnosci-ZSZ-SZBI-Akredytacja/Z2.07__Audyty-wewnetrzne-SZBI.pdf
Z2.08;Autoryzacja NFZ (wewnętrzny system zarządzania jakością - ustawa o jakości w opiece zdrowotnej);Zarządczy;Z2. Systemy zgodności;Pełnomocnik ds. Jakości / Komórki kliniczne / Zarząd;Pełnomocnik ds. Jakości / DM;PZSZ, DM;;;Tak;1_Zarzadczy_Z/Z2_Systemy-zgodnosci-ZSZ-SZBI-Akredytacja/Z2.08__Autoryzacja-NFZ-wewnetrzny-system-zarzadzania-jako.bpmn;1_Zarzadczy_Z/Z2_Systemy-zgodnosci-ZSZ-SZBI-Akredytacja/Z2.08__Autoryzacja-NFZ-wewnetrzny-system-zarzadzania-jako.png;1_Zarzadczy_Z/Z2_Systemy-zgodnosci-ZSZ-SZBI-Akredytacja/Z2.08__Autoryzacja-NFZ-wewnetrzny-system-zarzadzania-jako.pdf
Z3.01;Identyfikacja i ocena ryzyk operacyjnych i strategicznych;Zarządczy;Z3. Zarządzanie ryzykiem i ciągłością działania;Komórki merytoryczne / Koordynator ryzyka / Zarząd;Zarząd / PZSZ;Z, PZSZ;;;Nie;1_Zarzadczy_Z/Z3_Zarzadzanie-ryzykiem-i-ciagloscia-dzialania/Z3.01__Identyfikacja-i-ocena-ryzyk-operacyjnych-i-strateg.bpmn;1_Zarzadczy_Z/Z3_Zarzadzanie-ryzykiem-i-ciagloscia-dzialania/Z3.01__Identyfikacja-i-ocena-ryzyk-operacyjnych-i-strateg.png;1_Zarzadczy_Z/Z3_Zarzadzanie-ryzykiem-i-ciagloscia-dzialania/Z3.01__Identyfikacja-i-ocena-ryzyk-operacyjnych-i-strateg.pdf
Z3.02;Analiza ryzyk bezpieczeństwa informacji (SZBI);Zarządczy;Z3. Zarządzanie ryzykiem i ciągłością działania;Właściciele ryzyka / Pełnomocnik ds. SZBI / Zarząd;PBI;PBI;;;Nie;1_Zarzadczy_Z/Z3_Zarzadzanie-ryzykiem-i-ciagloscia-dzialania/Z3.02__Analiza-ryzyk-bezpieczenstwa-informacji-SZBI.bpmn;1_Zarzadczy_Z/Z3_Zarzadzanie-ryzykiem-i-ciagloscia-dzialania/Z3.02__Analiza-ryzyk-bezpieczenstwa-informacji-SZBI.png;1_Zarzadczy_Z/Z3_Zarzadzanie-ryzykiem-i-ciagloscia-dzialania/Z3.02__Analiza-ryzyk-bezpieczenstwa-informacji-SZBI.pdf
Z3.03;Plan Ciągłości Działania (BCP) i Plan Odtwarzania (DRP);Zarządczy;Z3. Zarządzanie ryzykiem i ciągłością działania;Koordynator BC / Administratorzy IT / Zarząd;PBI / DI.DI / OBR;PBI, DI.DI, OBR;;;Nie;1_Zarzadczy_Z/Z3_Zarzadzanie-ryzykiem-i-ciagloscia-dzialania/Z3.03__Plan-Ciaglosci-Dzialania-BCP-i-Plan-Odtwarzania-DR.bpmn;1_Zarzadczy_Z/Z3_Zarzadzanie-ryzykiem-i-ciagloscia-dzialania/Z3.03__Plan-Ciaglosci-Dzialania-BCP-i-Plan-Odtwarzania-DR.png;1_Zarzadczy_Z/Z3_Zarzadzanie-ryzykiem-i-ciagloscia-dzialania/Z3.03__Plan-Ciaglosci-Dzialania-BCP-i-Plan-Odtwarzania-DR.pdf
Z3.04;Zarządzanie incydentami i kryzysami (operacyjnie);Zarządczy;Z3. Zarządzanie ryzykiem i ciągłością działania;Zespół reagowania / Zarząd / Komórki merytoryczne;Zarząd / OBR;Z, OBR;;;Nie;1_Zarzadczy_Z/Z3_Zarzadzanie-ryzykiem-i-ciagloscia-dzialania/Z3.04__Zarzadzanie-incydentami-i-kryzysami-operacyjnie.bpmn;1_Zarzadczy_Z/Z3_Zarzadzanie-ryzykiem-i-ciagloscia-dzialania/Z3.04__Zarzadzanie-incydentami-i-kryzysami-operacyjnie.png;1_Zarzadczy_Z/Z3_Zarzadzanie-ryzykiem-i-ciagloscia-dzialania/Z3.04__Zarzadzanie-incydentami-i-kryzysami-operacyjnie.pdf
Z3.05;Bezpieczeństwo pacjenta - rejestr zdarzeń niepożądanych i system no-fault (ustawa o jakości w opiece zdrowotnej);Zarządczy;Z3. Zarządzanie ryzykiem i ciągłością działania;Personel zgłaszający / Pełnomocnik ds. Jakości / Zespół ds. bezpieczeństwa;Pełnomocnik ds. Jakości / Zespół ds. bezpieczeństwa pacjenta;PZSZ, PA, DM;;;Tak;1_Zarzadczy_Z/Z3_Zarzadzanie-ryzykiem-i-ciagloscia-dzialania/Z3.05__Bezpieczenstwo-pacjenta-rejestr-zdarzen-niepozadan.bpmn;1_Zarzadczy_Z/Z3_Zarzadzanie-ryzykiem-i-ciagloscia-dzialania/Z3.05__Bezpieczenstwo-pacjenta-rejestr-zdarzen-niepozadan.png;1_Zarzadczy_Z/Z3_Zarzadzanie-ryzykiem-i-ciagloscia-dzialania/Z3.05__Bezpieczenstwo-pacjenta-rejestr-zdarzen-niepozadan.pdf
Z4.01;Nadzór nad przetwarzaniem danych osobowych (RODO);Zarządczy;Z4. Zgodność regulacyjna;IOD / Komórki przetwarzające / Zarząd;IOD;IOD;;;Tak;1_Zarzadczy_Z/Z4_Zgodnosc-regulacyjna/Z4.01__Nadzor-nad-przetwarzaniem-danych-osobowych-RODO.bpmn;1_Zarzadczy_Z/Z4_Zgodnosc-regulacyjna/Z4.01__Nadzor-nad-przetwarzaniem-danych-osobowych-RODO.png;1_Zarzadczy_Z/Z4_Zgodnosc-regulacyjna/Z4.01__Nadzor-nad-przetwarzaniem-danych-osobowych-RODO.pdf
Z4.02;Realizacja praw osób, których dane dotyczą;Zarządczy;Z4. Zgodność regulacyjna;Wnioskodawca / Sekcja Dokumentacji Medycznej / IOD;IOD / DM.SDM;IOD, DM.SDM;;;Tak;1_Zarzadczy_Z/Z4_Zgodnosc-regulacyjna/Z4.02__Realizacja-praw-osob-ktorych-dane-dotycza.bpmn;1_Zarzadczy_Z/Z4_Zgodnosc-regulacyjna/Z4.02__Realizacja-praw-osob-ktorych-dane-dotycza.png;1_Zarzadczy_Z/Z4_Zgodnosc-regulacyjna/Z4.02__Realizacja-praw-osob-ktorych-dane-dotycza.pdf
Z4.03;Ocena skutków dla ochrony danych (DPIA);Zarządczy;Z4. Zgodność regulacyjna;Komórka przetwarzająca / IOD / Zarząd;IOD;IOD;;;Tak;1_Zarzadczy_Z/Z4_Zgodnosc-regulacyjna/Z4.03__Ocena-skutkow-dla-ochrony-danych-DPIA.bpmn;1_Zarzadczy_Z/Z4_Zgodnosc-regulacyjna/Z4.03__Ocena-skutkow-dla-ochrony-danych-DPIA.png;1_Zarzadczy_Z/Z4_Zgodnosc-regulacyjna/Z4.03__Ocena-skutkow-dla-ochrony-danych-DPIA.pdf
Z4.04;Obsługa naruszeń ochrony danych (notyfikacja UODO);Zarządczy;Z4. Zgodność regulacyjna;Zgłaszający / IOD / Zarząd;IOD;IOD;;;Tak;1_Zarzadczy_Z/Z4_Zgodnosc-regulacyjna/Z4.04__Obsluga-naruszen-ochrony-danych-notyfikacja-UODO.bpmn;1_Zarzadczy_Z/Z4_Zgodnosc-regulacyjna/Z4.04__Obsluga-naruszen-ochrony-danych-notyfikacja-UODO.png;1_Zarzadczy_Z/Z4_Zgodnosc-regulacyjna/Z4.04__Obsluga-naruszen-ochrony-danych-notyfikacja-UODO.pdf
Z4.05;Zarządzanie zgodnością KSC (operator usługi kluczowej);Zarządczy;Z4. Zgodność regulacyjna;Pełnomocnik ds. SZBI / Administratorzy IT / Organ KSC (CSIRT);PBI / DI.DI;PBI, DI.DI;;;Nie;1_Zarzadczy_Z/Z4_Zgodnosc-regulacyjna/Z4.05__Zarzadzanie-zgodnoscia-KSC-operator-uslugi-kluczow.bpmn;1_Zarzadczy_Z/Z4_Zgodnosc-regulacyjna/Z4.05__Zarzadzanie-zgodnoscia-KSC-operator-uslugi-kluczow.png;1_Zarzadczy_Z/Z4_Zgodnosc-regulacyjna/Z4.05__Zarzadzanie-zgodnoscia-KSC-operator-uslugi-kluczow.pdf
Z4.06;Ochrona informacji niejawnych;Zarządczy;Z4. Zgodność regulacyjna;Pełnomocnik ds. OIN / Komórki organizacyjne;PIN;PIN;;;Nie;1_Zarzadczy_Z/Z4_Zgodnosc-regulacyjna/Z4.06__Ochrona-informacji-niejawnych.bpmn;1_Zarzadczy_Z/Z4_Zgodnosc-regulacyjna/Z4.06__Ochrona-informacji-niejawnych.png;1_Zarzadczy_Z/Z4_Zgodnosc-regulacyjna/Z4.06__Ochrona-informacji-niejawnych.pdf
Z4.07;Zarządzanie prawami pacjenta i obsługa skarg;Zarządczy;Z4. Zgodność regulacyjna;Pacjent / Skarżący / Pełnomocnik ds. Praw Pacjenta / Komórka merytoryczna;PPP;PPP;;;Tak;1_Zarzadczy_Z/Z4_Zgodnosc-regulacyjna/Z4.07__Zarzadzanie-prawami-pacjenta-i-obsluga-skarg.bpmn;1_Zarzadczy_Z/Z4_Zgodnosc-regulacyjna/Z4.07__Zarzadzanie-prawami-pacjenta-i-obsluga-skarg.png;1_Zarzadczy_Z/Z4_Zgodnosc-regulacyjna/Z4.07__Zarzadzanie-prawami-pacjenta-i-obsluga-skarg.pdf
Z4.08;Zapewnianie dostępności osobom ze szczególnymi potrzebami;Zarządczy;Z4. Zgodność regulacyjna;Pełnomocnik ds. Dostępności / Komórki organizacyjne / Zarząd;PD;PD;;;Nie;1_Zarzadczy_Z/Z4_Zgodnosc-regulacyjna/Z4.08__Zapewnianie-dostepnosci-osobom-ze-szczegolnymi-pot.bpmn;1_Zarzadczy_Z/Z4_Zgodnosc-regulacyjna/Z4.08__Zapewnianie-dostepnosci-osobom-ze-szczegolnymi-pot.png;1_Zarzadczy_Z/Z4_Zgodnosc-regulacyjna/Z4.08__Zapewnianie-dostepnosci-osobom-ze-szczegolnymi-pot.pdf
Z4.09;Doradztwo prawne i reprezentacja w postępowaniach;Zarządczy;Z4. Zgodność regulacyjna;Komórka wnioskująca / Radca prawny;RP;RP;;;Nie;1_Zarzadczy_Z/Z4_Zgodnosc-regulacyjna/Z4.09__Doradztwo-prawne-i-reprezentacja-w-postepowaniach.bpmn;1_Zarzadczy_Z/Z4_Zgodnosc-regulacyjna/Z4.09__Doradztwo-prawne-i-reprezentacja-w-postepowaniach.png;1_Zarzadczy_Z/Z4_Zgodnosc-regulacyjna/Z4.09__Doradztwo-prawne-i-reprezentacja-w-postepowaniach.pdf
Z4.10;Obsługa zdarzeń medycznych i Funduszu Kompensacyjnego (FKZM) - współpraca z RPP, rejestr zaleceń i wdrożeń;Zarządczy;Z4. Zgodność regulacyjna;Pacjent / RPP / Pełnomocnik ds. Praw Pacjenta / Komórki kliniczne;Pełnomocnik ds. Praw Pacjenta / Radca prawny / DM;RP, DM;;;Tak;1_Zarzadczy_Z/Z4_Zgodnosc-regulacyjna/Z4.10__Obsluga-zdarzen-medycznych-i-Funduszu-Kompensacyjn.bpmn;1_Zarzadczy_Z/Z4_Zgodnosc-regulacyjna/Z4.10__Obsluga-zdarzen-medycznych-i-Funduszu-Kompensacyjn.png;1_Zarzadczy_Z/Z4_Zgodnosc-regulacyjna/Z4.10__Obsluga-zdarzen-medycznych-i-Funduszu-Kompensacyjn.pdf
Z5.01;Opracowywanie i nadzór nad regulaminem organizacyjnym;Zarządczy;Z5. Polityki, regulaminy i zarządzanie zmianą;Komórka inicjująca / Dział Organizacyjno-Prawny / Zarząd;Zarząd / K.DOP;Z, K.DOP;;;Nie;1_Zarzadczy_Z/Z5_Polityki-regulaminy-i-zarzadzanie-zmiana/Z5.01__Opracowywanie-i-nadzor-nad-regulaminem-organizacyj.bpmn;1_Zarzadczy_Z/Z5_Polityki-regulaminy-i-zarzadzanie-zmiana/Z5.01__Opracowywanie-i-nadzor-nad-regulaminem-organizacyj.png;1_Zarzadczy_Z/Z5_Polityki-regulaminy-i-zarzadzanie-zmiana/Z5.01__Opracowywanie-i-nadzor-nad-regulaminem-organizacyj.pdf
Z5.02;Opracowywanie i nadzór nad zarządzeniami i procedurami wewnętrznymi;Zarządczy;Z5. Polityki, regulaminy i zarządzanie zmianą;Komórka inicjująca / Dział Organizacyjno-Prawny / Zarząd;K.DOP / PZSZ;K.DOP, PZSZ;;;Nie;1_Zarzadczy_Z/Z5_Polityki-regulaminy-i-zarzadzanie-zmiana/Z5.02__Opracowywanie-i-nadzor-nad-zarzadzeniami-i-procedu.bpmn;1_Zarzadczy_Z/Z5_Polityki-regulaminy-i-zarzadzanie-zmiana/Z5.02__Opracowywanie-i-nadzor-nad-zarzadzeniami-i-procedu.png;1_Zarzadczy_Z/Z5_Polityki-regulaminy-i-zarzadzanie-zmiana/Z5.02__Opracowywanie-i-nadzor-nad-zarzadzeniami-i-procedu.pdf
Z5.03;Zarządzanie zmianą organizacyjną (struktura, etaty, lokalizacje);Zarządczy;Z5. Polityki, regulaminy i zarządzanie zmianą;Zarząd / Dział Personalno-Płacowy / Rada Nadzorcza;Zarząd;Z;;;Nie;1_Zarzadczy_Z/Z5_Polityki-regulaminy-i-zarzadzanie-zmiana/Z5.03__Zarzadzanie-zmiana-organizacyjna-struktura-etaty-l.bpmn;1_Zarzadczy_Z/Z5_Polityki-regulaminy-i-zarzadzanie-zmiana/Z5.03__Zarzadzanie-zmiana-organizacyjna-struktura-etaty-l.png;1_Zarzadczy_Z/Z5_Polityki-regulaminy-i-zarzadzanie-zmiana/Z5.03__Zarzadzanie-zmiana-organizacyjna-struktura-etaty-l.pdf
Z5.04;Zarządzanie wiedzą organizacyjną i wnioski z doświadczeń (baza wiedzy, przekazywanie kompetencji, nauka z incydentów);Zarządczy;Z5. Polityki, regulaminy i zarządzanie zmianą organizacyjną;Pracownicy / Eksperci / Pełnomocnik ds. Jakości;Pełnomocnik ds. Jakości / DI (Dział Informatyki);PZSZ, DI;;;Nie;1_Zarzadczy_Z/Z5_Polityki-regulaminy-i-zarzadzanie-zmiana/Z5.04__Zarzadzanie-wiedza-organizacyjna-i-wnioski-z-doswi.bpmn;1_Zarzadczy_Z/Z5_Polityki-regulaminy-i-zarzadzanie-zmiana/Z5.04__Zarzadzanie-wiedza-organizacyjna-i-wnioski-z-doswi.png;1_Zarzadczy_Z/Z5_Polityki-regulaminy-i-zarzadzanie-zmiana/Z5.04__Zarzadzanie-wiedza-organizacyjna-i-wnioski-z-doswi.pdf
Z6.01;Negocjacje i zawieranie umów z NFZ;Zarządczy;Z6. Kontrakt NFZ i relacje zewnętrzne;Dział Rozliczeń Świadczeń / Zarząd / NFZ (zewn.);Zarząd / DM.DRZ;Z, DM.DRZ;;;Nie;1_Zarzadczy_Z/Z6_Kontrakt-NFZ-i-relacje-zewnetrzne/Z6.01__Negocjacje-i-zawieranie-umow-z-NFZ.bpmn;1_Zarzadczy_Z/Z6_Kontrakt-NFZ-i-relacje-zewnetrzne/Z6.01__Negocjacje-i-zawieranie-umow-z-NFZ.png;1_Zarzadczy_Z/Z6_Kontrakt-NFZ-i-relacje-zewnetrzne/Z6.01__Negocjacje-i-zawieranie-umow-z-NFZ.pdf
Z6.02;Współpraca z organami nadzoru (NFZ, MZ, Wojewoda, PIP, UODO, PSSE);Zarządczy;Z6. Kontrakt NFZ i relacje zewnętrzne;Organ (zewn.) / Zarząd / Komórki merytoryczne;Zarząd;Z;;;Nie;1_Zarzadczy_Z/Z6_Kontrakt-NFZ-i-relacje-zewnetrzne/Z6.02__Wspolpraca-z-organami-nadzoru-NFZ-MZ-Wojewoda-PIP.bpmn;1_Zarzadczy_Z/Z6_Kontrakt-NFZ-i-relacje-zewnetrzne/Z6.02__Wspolpraca-z-organami-nadzoru-NFZ-MZ-Wojewoda-PIP.png;1_Zarzadczy_Z/Z6_Kontrakt-NFZ-i-relacje-zewnetrzne/Z6.02__Wspolpraca-z-organami-nadzoru-NFZ-MZ-Wojewoda-PIP.pdf
Z6.03;Komunikacja korporacyjna i relacje z mediami;Zarządczy;Z6. Kontrakt NFZ i relacje zewnętrzne;Komórka inicjująca / Zarząd / Dział Organizacyjno-Prawny;Zarząd;Z;;;Nie;1_Zarzadczy_Z/Z6_Kontrakt-NFZ-i-relacje-zewnetrzne/Z6.03__Komunikacja-korporacyjna-i-relacje-z-mediami.bpmn;1_Zarzadczy_Z/Z6_Kontrakt-NFZ-i-relacje-zewnetrzne/Z6.03__Komunikacja-korporacyjna-i-relacje-z-mediami.png;1_Zarzadczy_Z/Z6_Kontrakt-NFZ-i-relacje-zewnetrzne/Z6.03__Komunikacja-korporacyjna-i-relacje-z-mediami.pdf
G1.01;Przyjęcie pacjenta w trybie nagłym;Główny;G1. Wejście pacjenta - Izba Przyjęć;Izba Przyjęć / Pielęgniarka / Lekarz IP;Lekarz / Pielęgniarka IP;JO.SZ_KUP.IP (4900);AI-21, AI-08, AI-06, AI-22, AI-01;AW-S01 (Ruch Chorych, Izba Przyjęć) + eWUŚ;Tak;2_Glowny_G/G1_Wejscie-pacjenta/G1.01__Przyjecie-pacjenta-w-trybie-naglym.bpmn;2_Glowny_G/G1_Wejscie-pacjenta/G1.01__Przyjecie-pacjenta-w-trybie-naglym.png;2_Glowny_G/G1_Wejscie-pacjenta/G1.01__Przyjecie-pacjenta-w-trybie-naglym.pdf
G1.02;Triaż medyczny;Główny;G1. Wejście pacjenta - Izba Przyjęć;Pielęgniarka triażu / Lekarz IP;Pielęgniarka triażu;JO.SZ_KUP.IP (4900);AI-01, AI-04, AI-21;AW-S01 (Izba Przyjęć);Tak;2_Glowny_G/G1_Wejscie-pacjenta/G1.02__Triaz-medyczny.bpmn;2_Glowny_G/G1_Wejscie-pacjenta/G1.02__Triaz-medyczny.png;2_Glowny_G/G1_Wejscie-pacjenta/G1.02__Triaz-medyczny.pdf
G1.03;Kwalifikacja do hospitalizacji;Główny;G1. Wejście pacjenta - Izba Przyjęć;Lekarz IP / Oddział docelowy;Lekarz IP;JO.SZ_KUP.IP (4900);AI-01, AI-15;AW-S01 (Ruch Chorych);Tak;2_Glowny_G/G1_Wejscie-pacjenta/G1.03__Kwalifikacja-do-hospitalizacji.bpmn;2_Glowny_G/G1_Wejscie-pacjenta/G1.03__Kwalifikacja-do-hospitalizacji.png;2_Glowny_G/G1_Wejscie-pacjenta/G1.03__Kwalifikacja-do-hospitalizacji.pdf
G1.04;Przekazanie pacjenta do innego podmiotu;Główny;G1. Wejście pacjenta - Izba Przyjęć;Lekarz IP / Zespół Transportu Medycznego / Podmiot docelowy;Lekarz IP;JO.SZ_KUP.IP (4900);AI-05, AI-06;AW-S01 + AW-S05 (P1);Tak;2_Glowny_G/G1_Wejscie-pacjenta/G1.04__Przekazanie-pacjenta-do-innego-podmiotu.bpmn;2_Glowny_G/G1_Wejscie-pacjenta/G1.04__Przekazanie-pacjenta-do-innego-podmiotu.png;2_Glowny_G/G1_Wejscie-pacjenta/G1.04__Przekazanie-pacjenta-do-innego-podmiotu.pdf
G1.05;Rejestracja przyjęć planowych do rehabilitacji;Główny;G1. Wejście pacjenta - Punkt Przyjęć Planowych;Punkt Przyjęć Planowych / Koordynator PPP / Lekarz rehabilitacji;Koordynator PPP;JO.SZ_POK.PPP;AI-06, AI-18, AI-21;AW-S01 (Rejestracja, Kolejki);Tak;2_Glowny_G/G1_Wejscie-pacjenta/G1.05__Rejestracja-przyjec-planowych-do-rehabilitacji.bpmn;2_Glowny_G/G1_Wejscie-pacjenta/G1.05__Rejestracja-przyjec-planowych-do-rehabilitacji.png;2_Glowny_G/G1_Wejscie-pacjenta/G1.05__Rejestracja-przyjec-planowych-do-rehabilitacji.pdf
G1.06;Kwalifikacja do programu rehabilitacji;Główny;G1. Wejście pacjenta - Punkt Przyjęć Planowych;Lekarz rehabilitacji / Zespół rehabilitacyjny;Lekarz rehabilitacji;JO.SZ_POK.PPP / 4300;AI-01, AI-16;AW-S01 (Rehabilitacja);Tak;2_Glowny_G/G1_Wejscie-pacjenta/G1.06__Kwalifikacja-do-programu-rehabilitacji.bpmn;2_Glowny_G/G1_Wejscie-pacjenta/G1.06__Kwalifikacja-do-programu-rehabilitacji.png;2_Glowny_G/G1_Wejscie-pacjenta/G1.06__Kwalifikacja-do-programu-rehabilitacji.pdf
G1.07;Prowadzenie listy oczekujących (AOTMiT/NFZ);Główny;G1. Wejście pacjenta - Punkt Przyjęć Planowych;Koordynator PPP / Dział Rozliczeń Świadczeń;Koordynator PPP / DM.DRZ;JO.SZ_POK.PPP / DM.DRZ;AI-18;AW-S01 (Kolejki);Tak;2_Glowny_G/G1_Wejscie-pacjenta/G1.07__Prowadzenie-listy-oczekujacych-AOTMiT-NFZ.bpmn;2_Glowny_G/G1_Wejscie-pacjenta/G1.07__Prowadzenie-listy-oczekujacych-AOTMiT-NFZ.png;2_Glowny_G/G1_Wejscie-pacjenta/G1.07__Prowadzenie-listy-oczekujacych-AOTMiT-NFZ.pdf
G1.08;Rejestracja pacjenta (osobista/telefoniczna/e-rejestracja);Główny;G1. Wejście pacjenta - Ambulatorium / POZ;Rejestracja / Pacjent;Rejestratorka;Poradnie KUP/POK/CHR;AI-11, AI-21, AI-22, AI-06, AI-55, AI-56;AW-S01 (Przychodnia) + eWUŚ, AW-S10, AW-S13;Tak;2_Glowny_G/G1_Wejscie-pacjenta/G1.08__Rejestracja-pacjenta-osobista-telefoniczna-e-rejes.bpmn;2_Glowny_G/G1_Wejscie-pacjenta/G1.08__Rejestracja-pacjenta-osobista-telefoniczna-e-rejes.png;2_Glowny_G/G1_Wejscie-pacjenta/G1.08__Rejestracja-pacjenta-osobista-telefoniczna-e-rejes.pdf
G1.09;Przyjęcie pacjenta POZ (deklaracja, weryfikacja w eWUŚ);Główny;G1. Wejście pacjenta - Ambulatorium / POZ;Rejestracja POZ / Pielęgniarka POZ / Lekarz POZ;Lekarz / Pielęgniarka POZ;JO.POR_CHR (0010);AI-11, AI-21;AW-S01 (Przychodnia);Tak;2_Glowny_G/G1_Wejscie-pacjenta/G1.09__Przyjecie-pacjenta-POZ-deklaracja-weryfikacja-w-eW.bpmn;2_Glowny_G/G1_Wejscie-pacjenta/G1.09__Przyjecie-pacjenta-POZ-deklaracja-weryfikacja-w-eW.png;2_Glowny_G/G1_Wejscie-pacjenta/G1.09__Przyjecie-pacjenta-POZ-deklaracja-weryfikacja-w-eW.pdf
G2.01;Wykonanie badania obrazowego (warianty: RTG, TK, USG/UKG);Główny;G2. Diagnostyka obrazowa;Lekarz zlecający / Pracownia diagnostyczna / Lekarz opisujący;Technik / Lekarz radiolog;JO.POR_KUP.7240;AI-06, AI-13, AI-10, AI-54;AW-S03 (RIS/PACS) + AW-S01 (Zlecenia), AW-S11;Tak;2_Glowny_G/G2_Diagnostyka/G2.01__Wykonanie-badania-obrazowego-warianty-RTG-TK-USG-U.bpmn;2_Glowny_G/G2_Diagnostyka/G2.01__Wykonanie-badania-obrazowego-warianty-RTG-TK-USG-U.png;2_Glowny_G/G2_Diagnostyka/G2.01__Wykonanie-badania-obrazowego-warianty-RTG-TK-USG-U.pdf
G2.02;Wykonanie badania czynnościowego (warianty: układ krążenia [EKG, próby wysiłkowe, Holter], układ oddechowy [spirometria, bodypletyzmografia], polisomnografia, pH-metria);Główny;G2. Diagnostyka funkcjonalna;Lekarz zlecający / Pracownia diagnostyczna / Lekarz opisujący;Pielęgniarka / Lekarz;JO.POR_KUP.7998_KRAZ;AI-14, AI-10;AW-S01 (Zlecenia/Pracownia);Tak;2_Glowny_G/G2_Diagnostyka/G2.02__Wykonanie-badania-czynnosciowego-warianty-uklad-kr.bpmn;2_Glowny_G/G2_Diagnostyka/G2.02__Wykonanie-badania-czynnosciowego-warianty-uklad-kr.png;2_Glowny_G/G2_Diagnostyka/G2.02__Wykonanie-badania-czynnosciowego-warianty-uklad-kr.pdf
G2.03;"Wykonanie badania endoskopowego (warianty: górny odcinek GI [gastroskopia], dolny odcinek GI [kolonoskopia], bronchoskopia; sedacja/nadzór anestezjologiczny jako etap)";Główny;G2. Diagnostyka endoskopowa;Lekarz zlecający / Pracownia diagnostyczna / Lekarz opisujący;Lekarz endoskopista / Pielęgniarka;JO.POR_KUP.7910_G;AI-14, AI-15, AI-10;AW-S01 (Zlecenia/Pracownia);Tak;2_Glowny_G/G2_Diagnostyka/G2.03__Wykonanie-badania-endoskopowego-warianty-gorny-odc.bpmn;2_Glowny_G/G2_Diagnostyka/G2.03__Wykonanie-badania-endoskopowego-warianty-gorny-odc.png;2_Glowny_G/G2_Diagnostyka/G2.03__Wykonanie-badania-endoskopowego-warianty-gorny-odc.pdf
G2.04;Zlecanie i odbiór wyników badań laboratoryjnych;Główny;G2. Diagnostyka laboratoryjna;Lekarz prowadzący / Pielęgniarka / Laboratorium;Lekarz prowadzący / Pielęgniarka;Oddziały, Poradnie / JO.POR_KUP.7100;AI-06, AI-12;AW-S04 (LIS zewn.) + AW-S01 (Zlecenia);Tak;2_Glowny_G/G2_Diagnostyka/G2.04__Zlecanie-i-odbior-wynikow-badan-laboratoryjnych.bpmn;2_Glowny_G/G2_Diagnostyka/G2.04__Zlecanie-i-odbior-wynikow-badan-laboratoryjnych.png;2_Glowny_G/G2_Diagnostyka/G2.04__Zlecanie-i-odbior-wynikow-badan-laboratoryjnych.pdf
G2.05;Zarządzanie umową z laboratorium zewnętrznym;Główny;G2. Diagnostyka laboratoryjna;Dział Zamówień Publicznych / Dyrektor ds. Lecznictwa / Laboratorium zewn.;DZP / DM;DZP, DM;AI-38;AW-S02 (ERP);Nie;2_Glowny_G/G2_Diagnostyka/G2.05__Zarzadzanie-umowa-z-laboratorium-zewnetrznym.bpmn;2_Glowny_G/G2_Diagnostyka/G2.05__Zarzadzanie-umowa-z-laboratorium-zewnetrznym.png;2_Glowny_G/G2_Diagnostyka/G2.05__Zarzadzanie-umowa-z-laboratorium-zewnetrznym.pdf
G2.06;Kontrola jakości i kalibracja sprzętu diagnostycznego;Główny;G2. Diagnostyka - jakość i bezpieczeństwo;Inspektor Ochrony Radiologicznej / Dział Techniczny / Pracownia;Inspektor Ochrony Radiologicznej / DI.DT;Pracownie, DI.DT;AI-45, AI-44;- (ewidencja sprzętu);Nie;2_Glowny_G/G2_Diagnostyka/G2.06__Kontrola-jakosci-i-kalibracja-sprzetu-diagnostyczn.bpmn;2_Glowny_G/G2_Diagnostyka/G2.06__Kontrola-jakosci-i-kalibracja-sprzetu-diagnostyczn.png;2_Glowny_G/G2_Diagnostyka/G2.06__Kontrola-jakosci-i-kalibracja-sprzetu-diagnostyczn.pdf
G3.01;Proces diagnostyczno-terapeutyczny pacjenta hospitalizowanego;Główny;G3. Leczenie szpitalne - Oddział Chorób Wewnętrznych;Lekarz prowadzący / Pielęgniarka / Diagnostyka;Lekarz prowadzący;JO.SZ_KUP.4000;AI-01, AI-02, AI-07, AI-12, AI-13, AI-15;AW-S01 (Ruch Chorych, Zlecenia, Apteczka, ZDM) + P1;Tak;2_Glowny_G/G3_Leczenie-i-rehabilitacja/G3.01__Proces-diagnostyczno-terapeutyczny-pacjenta-hospit.bpmn;2_Glowny_G/G3_Leczenie-i-rehabilitacja/G3.01__Proces-diagnostyczno-terapeutyczny-pacjenta-hospit.png;2_Glowny_G/G3_Leczenie-i-rehabilitacja/G3.01__Proces-diagnostyczno-terapeutyczny-pacjenta-hospit.pdf
G3.02;Kompleksowa Ocena Geriatryczna (CGA);Główny;G3. Leczenie szpitalne - Oddział Kliniczny Geriatrii;Zespół geriatryczny / Lekarz geriatra;Lekarz geriatra / Zespół;JO.SZ_KUP.4060;AI-01, AI-02, AI-12;AW-S01 (Ruch Chorych, Zlecenia, ZDM);Tak;2_Glowny_G/G3_Leczenie-i-rehabilitacja/G3.02__Kompleksowa-Ocena-Geriatryczna-CGA.bpmn;2_Glowny_G/G3_Leczenie-i-rehabilitacja/G3.02__Kompleksowa-Ocena-Geriatryczna-CGA.png;2_Glowny_G/G3_Leczenie-i-rehabilitacja/G3.02__Kompleksowa-Ocena-Geriatryczna-CGA.pdf
G3.03;Proces diagnostyczno-terapeutyczny w geriatrii;Główny;G3. Leczenie szpitalne - Oddział Kliniczny Geriatrii;Lekarz geriatra / Pielęgniarka / Diagnostyka;Zespół geriatryczny;JO.SZ_KUP.4060;AI-01, AI-02, AI-07, AI-12;AW-S01 (Ruch Chorych, Zlecenia, Apteczka) + P1;Tak;2_Glowny_G/G3_Leczenie-i-rehabilitacja/G3.03__Proces-diagnostyczno-terapeutyczny-w-geriatrii.bpmn;2_Glowny_G/G3_Leczenie-i-rehabilitacja/G3.03__Proces-diagnostyczno-terapeutyczny-w-geriatrii.png;2_Glowny_G/G3_Leczenie-i-rehabilitacja/G3.03__Proces-diagnostyczno-terapeutyczny-w-geriatrii.pdf
G3.04;Proces diagnostyczno-terapeutyczny w pulmonologii;Główny;G3. Leczenie szpitalne - Oddział Chorób Płuc;Lekarz pulmonolog / Pielęgniarka / Diagnostyka;Lekarz pulmonolog;JO.SZ_KUP.4272;AI-01, AI-02, AI-07, AI-14;AW-S01 (Ruch Chorych, Zlecenia, Apteczka) + P1;Tak;2_Glowny_G/G3_Leczenie-i-rehabilitacja/G3.04__Proces-diagnostyczno-terapeutyczny-w-pulmonologii.bpmn;2_Glowny_G/G3_Leczenie-i-rehabilitacja/G3.04__Proces-diagnostyczno-terapeutyczny-w-pulmonologii.png;2_Glowny_G/G3_Leczenie-i-rehabilitacja/G3.04__Proces-diagnostyczno-terapeutyczny-w-pulmonologii.pdf
G3.05;Proces diagnostyczno-terapeutyczny w pulmonologii dziecięcej;Główny;G3. Leczenie szpitalne - Oddział Chorób Płuc dla Dzieci;Lekarz pediatra-pulmonolog / Pielęgniarka / Diagnostyka;Lekarz pediatra/pulmonolog;JO.SZ_KUP.4273;AI-01, AI-02, AI-07, AI-14;AW-S01 (Ruch Chorych, Zlecenia, Apteczka) + P1;Tak;2_Glowny_G/G3_Leczenie-i-rehabilitacja/G3.05__Proces-diagnostyczno-terapeutyczny-w-pulmonologii.bpmn;2_Glowny_G/G3_Leczenie-i-rehabilitacja/G3.05__Proces-diagnostyczno-terapeutyczny-w-pulmonologii.png;2_Glowny_G/G3_Leczenie-i-rehabilitacja/G3.05__Proces-diagnostyczno-terapeutyczny-w-pulmonologii.pdf
G3.06;Proces diagnostyczno-terapeutyczny w reumatologii;Główny;G3. Leczenie szpitalne - Oddział Kliniczny Reumatologii;Lekarz reumatolog / Pielęgniarka / Diagnostyka;Lekarz reumatolog;JO.SZ_KUP.4280;AI-01, AI-02, AI-07, AI-12;AW-S01 (Ruch Chorych, Zlecenia, Apteczka) + P1;Tak;2_Glowny_G/G3_Leczenie-i-rehabilitacja/G3.06__Proces-diagnostyczno-terapeutyczny-w-reumatologii.bpmn;2_Glowny_G/G3_Leczenie-i-rehabilitacja/G3.06__Proces-diagnostyczno-terapeutyczny-w-reumatologii.png;2_Glowny_G/G3_Leczenie-i-rehabilitacja/G3.06__Proces-diagnostyczno-terapeutyczny-w-reumatologii.pdf
G3.07;Plan rehabilitacji indywidualnej (PRI) - oddział;Główny;G3. Leczenie szpitalne - Oddział Rehabilitacyjny (KUP);Lekarz rehabilitacji / Fizjoterapeuta / Zespół rehabilitacyjny;Lekarz rehabilitacji / Fizjoterapeuta;JO.SZ_KUP.4300;AI-16, AI-01;AW-S01 (Rehabilitacja, ZDM);Tak;2_Glowny_G/G3_Leczenie-i-rehabilitacja/G3.07__Plan-rehabilitacji-indywidualnej-PRI-oddzial.bpmn;2_Glowny_G/G3_Leczenie-i-rehabilitacja/G3.07__Plan-rehabilitacji-indywidualnej-PRI-oddzial.png;2_Glowny_G/G3_Leczenie-i-rehabilitacja/G3.07__Plan-rehabilitacji-indywidualnej-PRI-oddzial.pdf
G3.08;Plan rehabilitacji indywidualnej (PRI) - oddział kliniczny;Główny;G3. Leczenie szpitalne - Oddział Kliniczny Rehabilitacji (POK);Lekarz rehabilitacji / Fizjoterapeuta / Zespół rehabilitacyjny;Lekarz rehabilitacji / Fizjoterapeuta;JO.SZ_POK.4300;AI-16, AI-01;AW-S01 (Rehabilitacja, ZDM);Tak;2_Glowny_G/G3_Leczenie-i-rehabilitacja/G3.08__Plan-rehabilitacji-indywidualnej-PRI-oddzial-klini.bpmn;2_Glowny_G/G3_Leczenie-i-rehabilitacja/G3.08__Plan-rehabilitacji-indywidualnej-PRI-oddzial-klini.png;2_Glowny_G/G3_Leczenie-i-rehabilitacja/G3.08__Plan-rehabilitacji-indywidualnej-PRI-oddzial-klini.pdf
G3.09;Konsultacja specjalistyczna (między-oddziałowa, zewnętrzna);Główny;G3. Leczenie szpitalne - wspólne;Lekarz zlecający / Lekarz konsultujący;Lekarz konsultujący;Oddziały;AI-01;AW-S01 (Ruch Chorych);Tak;2_Glowny_G/G3_Leczenie-i-rehabilitacja/G3.09__Konsultacja-specjalistyczna-miedzy-oddzialowa-zewn.bpmn;2_Glowny_G/G3_Leczenie-i-rehabilitacja/G3.09__Konsultacja-specjalistyczna-miedzy-oddzialowa-zewn.png;2_Glowny_G/G3_Leczenie-i-rehabilitacja/G3.09__Konsultacja-specjalistyczna-miedzy-oddzialowa-zewn.pdf
G3.10;Przekazanie pacjenta między oddziałami / do innego podmiotu;Główny;G3. Leczenie szpitalne - wspólne;Oddział kierujący / Oddział przyjmujący / Zespół Transportu Medycznego;Lekarz prowadzący;Oddziały;AI-01, AI-05, AI-09;AW-S01 (Ruch Chorych);Tak;2_Glowny_G/G3_Leczenie-i-rehabilitacja/G3.10__Przekazanie-pacjenta-miedzy-oddzialami-do-innego-p.bpmn;2_Glowny_G/G3_Leczenie-i-rehabilitacja/G3.10__Przekazanie-pacjenta-miedzy-oddzialami-do-innego-p.png;2_Glowny_G/G3_Leczenie-i-rehabilitacja/G3.10__Przekazanie-pacjenta-miedzy-oddzialami-do-innego-p.pdf
G3.11;Postępowanie ze zgonem pacjenta;Główny;G3. Leczenie szpitalne - wspólne;Lekarz / Pielęgniarka / Sekcja Dokumentacji Medycznej;Lekarz / Pielęgniarka;Oddziały, IP;AI-20, AI-01;AW-S01 (Ruch Chorych);Tak;2_Glowny_G/G3_Leczenie-i-rehabilitacja/G3.11__Postepowanie-ze-zgonem-pacjenta.bpmn;2_Glowny_G/G3_Leczenie-i-rehabilitacja/G3.11__Postepowanie-ze-zgonem-pacjenta.png;2_Glowny_G/G3_Leczenie-i-rehabilitacja/G3.11__Postepowanie-ze-zgonem-pacjenta.pdf
G3.12;Zarządzanie zgodami pacjenta (świadoma zgoda, RODO, pełnomocnictwa, sprzeciwy);Główny;G3. Leczenie szpitalne - wspólne;Lekarz prowadzący / Sekcja Dokumentacji Medycznej;Lekarz prowadzący / SDM;Oddziały, Poradnie;AI-15;AW-S01 (ZDM);Tak;2_Glowny_G/G3_Leczenie-i-rehabilitacja/G3.12__Zarzadzanie-zgodami-pacjenta-swiadoma-zgoda-RODO-p.bpmn;2_Glowny_G/G3_Leczenie-i-rehabilitacja/G3.12__Zarzadzanie-zgodami-pacjenta-swiadoma-zgoda-RODO-p.png;2_Glowny_G/G3_Leczenie-i-rehabilitacja/G3.12__Zarzadzanie-zgodami-pacjenta-swiadoma-zgoda-RODO-p.pdf
G3.13;Wizyta lekarska w poradni specjalistycznej;Główny;G3. Leczenie ambulatoryjne;Rejestracja / Lekarz specjalista;Lekarz specjalista;JO.POR_KUP.PSP (1100/1272/1273/1280/1300);AI-11, AI-01, AI-06, AI-07;AW-S01 (Przychodnia/Gabinet) + P1;Tak;2_Glowny_G/G3_Leczenie-i-rehabilitacja/G3.13__Wizyta-lekarska-w-poradni-specjalistycznej.bpmn;2_Glowny_G/G3_Leczenie-i-rehabilitacja/G3.13__Wizyta-lekarska-w-poradni-specjalistycznej.png;2_Glowny_G/G3_Leczenie-i-rehabilitacja/G3.13__Wizyta-lekarska-w-poradni-specjalistycznej.pdf
G3.14;Świadczenia w gabinecie diagnostyczno-zabiegowym;Główny;G3. Leczenie ambulatoryjne;Pielęgniarka / Lekarz;Lekarz / Pielęgniarka zabiegowa;9450 (KUP/POK/CHR);AI-11, AI-01;AW-S01 (Przychodnia/Gabinet);Tak;2_Glowny_G/G3_Leczenie-i-rehabilitacja/G3.14__Swiadczenia-w-gabinecie-diagnostyczno-zabiegowym.bpmn;2_Glowny_G/G3_Leczenie-i-rehabilitacja/G3.14__Swiadczenia-w-gabinecie-diagnostyczno-zabiegowym.png;2_Glowny_G/G3_Leczenie-i-rehabilitacja/G3.14__Swiadczenia-w-gabinecie-diagnostyczno-zabiegowym.pdf
G3.15;Wystawianie e-recept, e-skierowań, e-ZLA, zaświadczeń;Główny;G3. Leczenie ambulatoryjne;Lekarz / System P1 / ZUS;Lekarz;Poradnie, Oddziały;AI-07, AI-06;AW-S05 (P1);Tak;2_Glowny_G/G3_Leczenie-i-rehabilitacja/G3.15__Wystawianie-e-recept-e-skierowan-e-ZLA-zaswiadczen.bpmn;2_Glowny_G/G3_Leczenie-i-rehabilitacja/G3.15__Wystawianie-e-recept-e-skierowan-e-ZLA-zaswiadczen.png;2_Glowny_G/G3_Leczenie-i-rehabilitacja/G3.15__Wystawianie-e-recept-e-skierowan-e-ZLA-zaswiadczen.pdf
G3.16;Wizyta lekarska POZ (ogólna/dziecięca);Główny;G3. Leczenie ambulatoryjne - POZ;Rejestracja POZ / Lekarz POZ;Lekarz POZ;JO.POR_CHR.0010 (O/D);AI-11, AI-07;AW-S01 (Przychodnia/Gabinet) + P1;Tak;2_Glowny_G/G3_Leczenie-i-rehabilitacja/G3.16__Wizyta-lekarska-POZ-ogolna-dziecieca.bpmn;2_Glowny_G/G3_Leczenie-i-rehabilitacja/G3.16__Wizyta-lekarska-POZ-ogolna-dziecieca.png;2_Glowny_G/G3_Leczenie-i-rehabilitacja/G3.16__Wizyta-lekarska-POZ-ogolna-dziecieca.pdf
G3.17;Świadczenia pielęgniarki POZ;Główny;G3. Leczenie ambulatoryjne - POZ;Pielęgniarka POZ / Lekarz POZ;Pielęgniarka POZ;JO.POR_CHR.0032;AI-03, AI-11;AW-S01 (Przychodnia);Tak;2_Glowny_G/G3_Leczenie-i-rehabilitacja/G3.17__Swiadczenia-pielegniarki-POZ.bpmn;2_Glowny_G/G3_Leczenie-i-rehabilitacja/G3.17__Swiadczenia-pielegniarki-POZ.png;2_Glowny_G/G3_Leczenie-i-rehabilitacja/G3.17__Swiadczenia-pielegniarki-POZ.pdf
G3.18;Medycyna szkolna - profilaktyka i opieka;Główny;G3. Leczenie ambulatoryjne - POZ;Pielęgniarka medycyny szkolnej / Lekarz POZ;Pielęgniarka medycyny szkolnej;JO.POR_CHR.0040;AI-11;AW-S01 (Przychodnia);Tak;2_Glowny_G/G3_Leczenie-i-rehabilitacja/G3.18__Medycyna-szkolna-profilaktyka-i-opieka.bpmn;2_Glowny_G/G3_Leczenie-i-rehabilitacja/G3.18__Medycyna-szkolna-profilaktyka-i-opieka.png;2_Glowny_G/G3_Leczenie-i-rehabilitacja/G3.18__Medycyna-szkolna-profilaktyka-i-opieka.pdf
G3.19;Bilanse zdrowia i szczepienia ochronne;Główny;G3. Leczenie ambulatoryjne - POZ;Pielęgniarka POZ / Lekarz POZ;Lekarz POZ / Pielęgniarka;JO.POR_CHR.0010;AI-11, AI-07;AW-S01 (Przychodnia) + P1;Tak;2_Glowny_G/G3_Leczenie-i-rehabilitacja/G3.19__Bilanse-zdrowia-i-szczepienia-ochronne.bpmn;2_Glowny_G/G3_Leczenie-i-rehabilitacja/G3.19__Bilanse-zdrowia-i-szczepienia-ochronne.png;2_Glowny_G/G3_Leczenie-i-rehabilitacja/G3.19__Bilanse-zdrowia-i-szczepienia-ochronne.pdf
G3.20;Kwalifikacja i prowadzenie rehabilitacji w ośrodku dziennym;Główny;G3. Rehabilitacja dzienna;Lekarz rehabilitacji / Fizjoterapeuta;Lekarz / Fizjoterapeuta;JO.POR_KUP.ORD, JO.POR_POK;AI-16, AI-11;AW-S01 (Rehabilitacja);Tak;2_Glowny_G/G3_Leczenie-i-rehabilitacja/G3.20__Kwalifikacja-i-prowadzenie-rehabilitacji-w-osrodku.bpmn;2_Glowny_G/G3_Leczenie-i-rehabilitacja/G3.20__Kwalifikacja-i-prowadzenie-rehabilitacji-w-osrodku.png;2_Glowny_G/G3_Leczenie-i-rehabilitacja/G3.20__Kwalifikacja-i-prowadzenie-rehabilitacji-w-osrodku.pdf
G3.21;Dzienna opieka geriatryczna;Główny;G3. Rehabilitacja dzienna;Zespół geriatryczny / Pielęgniarka;Zespół geriatryczny;JO.POR_KUP.2200;AI-16, AI-11;AW-S01 (Rehabilitacja);Tak;2_Glowny_G/G3_Leczenie-i-rehabilitacja/G3.21__Dzienna-opieka-geriatryczna.bpmn;2_Glowny_G/G3_Leczenie-i-rehabilitacja/G3.21__Dzienna-opieka-geriatryczna.png;2_Glowny_G/G3_Leczenie-i-rehabilitacja/G3.21__Dzienna-opieka-geriatryczna.pdf
G3.22;Realizacja zabiegu rehabilitacji ambulatoryjnej/domowej (warianty: fizykoterapia, kinezyterapia, hydroterapia, krioterapia, masaż leczniczy, balneoterapia, rehabilitacja domowa);Główny;G3. Rehabilitacja ambulatoryjna i domowa;Fizjoterapeuta / Lekarz rehabilitacji;Fizjoterapeuta;ZRL.1312 (KUP/POK);AI-16;AW-S01 (Rehabilitacja);Tak;2_Glowny_G/G3_Leczenie-i-rehabilitacja/G3.22__Realizacja-zabiegu-rehabilitacji-ambulatoryjnej-do.bpmn;2_Glowny_G/G3_Leczenie-i-rehabilitacja/G3.22__Realizacja-zabiegu-rehabilitacji-ambulatoryjnej-do.png;2_Glowny_G/G3_Leczenie-i-rehabilitacja/G3.22__Realizacja-zabiegu-rehabilitacji-ambulatoryjnej-do.pdf
G3.23;Kompleksowa diagnoza funkcjonalna i plan usprawniania;Główny;G3. Centrum Diagnozy i Usprawniania Pacjenta;Zespół interdyscyplinarny / Lekarz;Zespół interdyscyplinarny;JO.POR_KUP.9000;AI-16, AI-01;AW-S01 (Rehabilitacja);Tak;2_Glowny_G/G3_Leczenie-i-rehabilitacja/G3.23__Kompleksowa-diagnoza-funkcjonalna-i-plan-usprawnia.bpmn;2_Glowny_G/G3_Leczenie-i-rehabilitacja/G3.23__Kompleksowa-diagnoza-funkcjonalna-i-plan-usprawnia.png;2_Glowny_G/G3_Leczenie-i-rehabilitacja/G3.23__Kompleksowa-diagnoza-funkcjonalna-i-plan-usprawnia.pdf
G4.01;Wypis pacjenta z oddziału (epikryza, karta wypisu);Główny;G4. Wypis / kontynuacja opieki;Lekarz prowadzący / Pielęgniarka / Sekcja Dokumentacji Medycznej;Lekarz prowadzący;Oddziały;AI-05, AI-01, AI-07;AW-S01 (Ruch Chorych, ZDM) + P1;Tak;2_Glowny_G/G4_Wypis-i-kontynuacja-opieki/G4.01__Wypis-pacjenta-z-oddzialu-epikryza-karta-wypisu.bpmn;2_Glowny_G/G4_Wypis-i-kontynuacja-opieki/G4.01__Wypis-pacjenta-z-oddzialu-epikryza-karta-wypisu.png;2_Glowny_G/G4_Wypis-i-kontynuacja-opieki/G4.01__Wypis-pacjenta-z-oddzialu-epikryza-karta-wypisu.pdf
G4.02;Edukacja pacjenta i opiekunów przy wypisie;Główny;G4. Wypis / kontynuacja opieki;Pielęgniarka / Lekarz;Lekarz / Pielęgniarka / Dietetyk;Oddziały;AI-05;AW-S01 (ZDM);Tak;2_Glowny_G/G4_Wypis-i-kontynuacja-opieki/G4.02__Edukacja-pacjenta-i-opiekunow-przy-wypisie.bpmn;2_Glowny_G/G4_Wypis-i-kontynuacja-opieki/G4.02__Edukacja-pacjenta-i-opiekunow-przy-wypisie.png;2_Glowny_G/G4_Wypis-i-kontynuacja-opieki/G4.02__Edukacja-pacjenta-i-opiekunow-przy-wypisie.pdf
G4.03;Przekazanie pacjenta do opieki POZ / AOS / opieki długoterminowej;Główny;G4. Wypis / kontynuacja opieki;Lekarz prowadzący / Koordynator opieki / Podmiot przejmujący;Lekarz prowadzący;Oddziały, Poradnie;AI-05, AI-06;AW-S01 (ZDM) + P1;Tak;2_Glowny_G/G4_Wypis-i-kontynuacja-opieki/G4.03__Przekazanie-pacjenta-do-opieki-POZ-AOS-opieki-dlug.bpmn;2_Glowny_G/G4_Wypis-i-kontynuacja-opieki/G4.03__Przekazanie-pacjenta-do-opieki-POZ-AOS-opieki-dlug.png;2_Glowny_G/G4_Wypis-i-kontynuacja-opieki/G4.03__Przekazanie-pacjenta-do-opieki-POZ-AOS-opieki-dlug.pdf
G4.04;Wystawianie wniosków o turnusy/zaopatrzenie w wyroby medyczne;Główny;G4. Wypis / kontynuacja opieki;Lekarz / Koordynator;Lekarz;Poradnie, Oddziały;AI-05, AI-06;AW-S01 (ZDM);Tak;2_Glowny_G/G4_Wypis-i-kontynuacja-opieki/G4.04__Wystawianie-wnioskow-o-turnusy-zaopatrzenie-w-wyro.bpmn;2_Glowny_G/G4_Wypis-i-kontynuacja-opieki/G4.04__Wystawianie-wnioskow-o-turnusy-zaopatrzenie-w-wyro.png;2_Glowny_G/G4_Wypis-i-kontynuacja-opieki/G4.04__Wystawianie-wnioskow-o-turnusy-zaopatrzenie-w-wyro.pdf
G5.01;Zaopatrzenie w produkty lecznicze i wyroby medyczne;Główny;G5. Apteka szpitalna i farmakoterapia;Kierownik Apteki / Dostawca (zewn.) / Dział Finansowo-Księgowy;Kierownik Apteki;JO.SZ_KUP.APT (4922);;;Tak;2_Glowny_G/G5_Apteka-szpitalna-i-farmakoterapia/G5.01__Zaopatrzenie-w-produkty-lecznicze-i-wyroby-medyczn.bpmn;2_Glowny_G/G5_Apteka-szpitalna-i-farmakoterapia/G5.01__Zaopatrzenie-w-produkty-lecznicze-i-wyroby-medyczn.png;2_Glowny_G/G5_Apteka-szpitalna-i-farmakoterapia/G5.01__Zaopatrzenie-w-produkty-lecznicze-i-wyroby-medyczn.pdf
G5.02;Prowadzenie receptariusza szpitalnego;Główny;G5. Apteka szpitalna i farmakoterapia;Komitet Terapeutyczny / Apteka;Komitet Terapeutyczny / Apteka;JO.SZ_KUP.APT (4922);;;Tak;2_Glowny_G/G5_Apteka-szpitalna-i-farmakoterapia/G5.02__Prowadzenie-receptariusza-szpitalnego.bpmn;2_Glowny_G/G5_Apteka-szpitalna-i-farmakoterapia/G5.02__Prowadzenie-receptariusza-szpitalnego.png;2_Glowny_G/G5_Apteka-szpitalna-i-farmakoterapia/G5.02__Prowadzenie-receptariusza-szpitalnego.pdf
G5.03;Wydawanie leków na oddziały (zamówienia oddziałowe);Główny;G5. Apteka szpitalna i farmakoterapia;Oddział / Apteka;Apteka;JO.SZ_KUP.APT (4922);;;Tak;2_Glowny_G/G5_Apteka-szpitalna-i-farmakoterapia/G5.03__Wydawanie-lekow-na-oddzialy-zamowienia-oddzialowe.bpmn;2_Glowny_G/G5_Apteka-szpitalna-i-farmakoterapia/G5.03__Wydawanie-lekow-na-oddzialy-zamowienia-oddzialowe.png;2_Glowny_G/G5_Apteka-szpitalna-i-farmakoterapia/G5.03__Wydawanie-lekow-na-oddzialy-zamowienia-oddzialowe.pdf
G5.04;Sporządzanie leków recepturowych;Główny;G5. Apteka szpitalna i farmakoterapia;Farmaceuta / Lekarz;Farmaceuta;JO.SZ_KUP.APT (4922);;;Tak;2_Glowny_G/G5_Apteka-szpitalna-i-farmakoterapia/G5.04__Sporzadzanie-lekow-recepturowych.bpmn;2_Glowny_G/G5_Apteka-szpitalna-i-farmakoterapia/G5.04__Sporzadzanie-lekow-recepturowych.png;2_Glowny_G/G5_Apteka-szpitalna-i-farmakoterapia/G5.04__Sporzadzanie-lekow-recepturowych.pdf
G5.05;Obsługa środków odurzających i psychotropowych;Główny;G5. Apteka szpitalna i farmakoterapia;Apteka / Oddział;Apteka;JO.SZ_KUP.APT (4922);;;Tak;2_Glowny_G/G5_Apteka-szpitalna-i-farmakoterapia/G5.05__Obsluga-srodkow-odurzajacych-i-psychotropowych.bpmn;2_Glowny_G/G5_Apteka-szpitalna-i-farmakoterapia/G5.05__Obsluga-srodkow-odurzajacych-i-psychotropowych.png;2_Glowny_G/G5_Apteka-szpitalna-i-farmakoterapia/G5.05__Obsluga-srodkow-odurzajacych-i-psychotropowych.pdf
G5.06;Nadzór nad farmakoterapią (opieka farmaceutyczna);Główny;G5. Apteka szpitalna i farmakoterapia;Farmaceuta kliniczny / Lekarz / Pielęgniarka;Farmaceuta kliniczny;Oddziały;;;Tak;2_Glowny_G/G5_Apteka-szpitalna-i-farmakoterapia/G5.06__Nadzor-nad-farmakoterapia-opieka-farmaceutyczna.bpmn;2_Glowny_G/G5_Apteka-szpitalna-i-farmakoterapia/G5.06__Nadzor-nad-farmakoterapia-opieka-farmaceutyczna.png;2_Glowny_G/G5_Apteka-szpitalna-i-farmakoterapia/G5.06__Nadzor-nad-farmakoterapia-opieka-farmaceutyczna.pdf
G5.07;Pharmacovigilance - zgłaszanie NDL;Główny;G5. Apteka szpitalna i farmakoterapia;Personel zgłaszający / Apteka / Lekarz;Apteka / Lekarz;Apteka, Oddziały;;;Tak;2_Glowny_G/G5_Apteka-szpitalna-i-farmakoterapia/G5.07__Pharmacovigilance-zglaszanie-NDL.bpmn;2_Glowny_G/G5_Apteka-szpitalna-i-farmakoterapia/G5.07__Pharmacovigilance-zglaszanie-NDL.png;2_Glowny_G/G5_Apteka-szpitalna-i-farmakoterapia/G5.07__Pharmacovigilance-zglaszanie-NDL.pdf
G5.08;Dział Farmacji - zaopatrzenie szpitala rehab. w POK;Główny;G5. Apteka szpitalna i farmakoterapia;Kierownik Działu Farmacji / Dostawca (zewn.) / Dział Finansowo-Księgowy;Kierownik Działu Farmacji;JO.SZ_POK.4924;;;Tak;2_Glowny_G/G5_Apteka-szpitalna-i-farmakoterapia/G5.08__Dzial-Farmacji-zaopatrzenie-szpitala-rehab-w-POK.bpmn;2_Glowny_G/G5_Apteka-szpitalna-i-farmakoterapia/G5.08__Dzial-Farmacji-zaopatrzenie-szpitala-rehab-w-POK.png;2_Glowny_G/G5_Apteka-szpitalna-i-farmakoterapia/G5.08__Dzial-Farmacji-zaopatrzenie-szpitala-rehab-w-POK.pdf
G6.01;Proces pielęgnowania (rozpoznanie - planowanie - realizacja - ocena);Główny;G6. Pielęgniarstwo;Pielęgniarka;Pielęgniarka;Oddziały, Poradnie;;;Tak;2_Glowny_G/G6_Pielegniarstwo/G6.01__Proces-pielegnowania-rozpoznanie-planowanie-realiz.bpmn;2_Glowny_G/G6_Pielegniarstwo/G6.01__Proces-pielegnowania-rozpoznanie-planowanie-realiz.png;2_Glowny_G/G6_Pielegniarstwo/G6.01__Proces-pielegnowania-rozpoznanie-planowanie-realiz.pdf
G6.02;Standardy opieki pielęgniarskiej i nadzór jakości;Główny;G6. Pielęgniarstwo;Przełożona Pielęgniarek / Pielęgniarki;Przełożona Pielęgniarek;DM.PP;;;Tak;2_Glowny_G/G6_Pielegniarstwo/G6.02__Standardy-opieki-pielegniarskiej-i-nadzor-jakosci.bpmn;2_Glowny_G/G6_Pielegniarstwo/G6.02__Standardy-opieki-pielegniarskiej-i-nadzor-jakosci.png;2_Glowny_G/G6_Pielegniarstwo/G6.02__Standardy-opieki-pielegniarskiej-i-nadzor-jakosci.pdf
G6.03;Zarządzanie grafikami i normami obsady pielęgniarek;Główny;G6. Pielęgniarstwo;Przełożona Pielęgniarek / Dział Personalno-Płacowy;Przełożona Pielęgniarek / Oddziałowe;DM.PP, DM.PP.PO;;;Tak;2_Glowny_G/G6_Pielegniarstwo/G6.03__Zarzadzanie-grafikami-i-normami-obsady-pielegniare.bpmn;2_Glowny_G/G6_Pielegniarstwo/G6.03__Zarzadzanie-grafikami-i-normami-obsady-pielegniare.png;2_Glowny_G/G6_Pielegniarstwo/G6.03__Zarzadzanie-grafikami-i-normami-obsady-pielegniare.pdf
G6.04;Doskonalenie zawodowe i specjalizacje pielęgniarskie;Główny;G6. Pielęgniarstwo;Przełożona Pielęgniarek / Pielęgniarka;Przełożona Pielęgniarek;DM.PP;;;Tak;2_Glowny_G/G6_Pielegniarstwo/G6.04__Doskonalenie-zawodowe-i-specjalizacje-pielegniarsk.bpmn;2_Glowny_G/G6_Pielegniarstwo/G6.04__Doskonalenie-zawodowe-i-specjalizacje-pielegniarsk.png;2_Glowny_G/G6_Pielegniarstwo/G6.04__Doskonalenie-zawodowe-i-specjalizacje-pielegniarsk.pdf
G6.05;Planowanie żywienia pacjentów i diety specjalistyczne;Główny;G6. Pielęgniarstwo - dietetyka;Dietetyk / Oddział / Kuchnia;Dietetyk;DM.PP.D;;;Tak;2_Glowny_G/G6_Pielegniarstwo/G6.05__Planowanie-zywienia-pacjentow-i-diety-specjalistyc.bpmn;2_Glowny_G/G6_Pielegniarstwo/G6.05__Planowanie-zywienia-pacjentow-i-diety-specjalistyc.png;2_Glowny_G/G6_Pielegniarstwo/G6.05__Planowanie-zywienia-pacjentow-i-diety-specjalistyc.pdf
G7.01;Nadzór nad zakażeniami szpitalnymi;Główny;G7. Higiena, epidemiologia, zakażenia;Pielęgniarka epidemiologiczna / Oddziały / Komitet ds. Zakażeń;Pielęgniarka epidemiologiczna / Zespół Kontroli Zakażeń;DM.DHiE / JO.SZ_KUP.DHiE (9200);;;Tak;2_Glowny_G/G7_Higiena-epidemiologia-zakazenia/G7.01__Nadzor-nad-zakazeniami-szpitalnymi.bpmn;2_Glowny_G/G7_Higiena-epidemiologia-zakazenia/G7.01__Nadzor-nad-zakazeniami-szpitalnymi.png;2_Glowny_G/G7_Higiena-epidemiologia-zakazenia/G7.01__Nadzor-nad-zakazeniami-szpitalnymi.pdf
G7.02;Rejestr drobnoustrojów alarmowych - monitorowanie;Główny;G7. Higiena, epidemiologia, zakażenia;Laboratorium / Pielęgniarka epidemiologiczna;Pielęgniarka epidemiologiczna;JO.SZ_KUP.DHiE (9200);;;Tak;2_Glowny_G/G7_Higiena-epidemiologia-zakazenia/G7.02__Rejestr-drobnoustrojow-alarmowych-monitorowanie.bpmn;2_Glowny_G/G7_Higiena-epidemiologia-zakazenia/G7.02__Rejestr-drobnoustrojow-alarmowych-monitorowanie.png;2_Glowny_G/G7_Higiena-epidemiologia-zakazenia/G7.02__Rejestr-drobnoustrojow-alarmowych-monitorowanie.pdf
G7.03;Polityka antybiotykowa (stewardship);Główny;G7. Higiena, epidemiologia, zakażenia;Komitet Antybiotykowy / Lekarze / Apteka;Komitet Antybiotykowy / Lekarz;DM.DHiE;;;Tak;2_Glowny_G/G7_Higiena-epidemiologia-zakazenia/G7.03__Polityka-antybiotykowa-stewardship.bpmn;2_Glowny_G/G7_Higiena-epidemiologia-zakazenia/G7.03__Polityka-antybiotykowa-stewardship.png;2_Glowny_G/G7_Higiena-epidemiologia-zakazenia/G7.03__Polityka-antybiotykowa-stewardship.pdf
G7.04;Dezynfekcja, sterylizacja, dekontaminacja;Główny;G7. Higiena, epidemiologia, zakażenia;Personel sterylizacji / Dział Techniczny;Pielęgniarki / DT;DM.DHiE, DI.DT;;;Tak;2_Glowny_G/G7_Higiena-epidemiologia-zakazenia/G7.04__Dezynfekcja-sterylizacja-dekontaminacja.bpmn;2_Glowny_G/G7_Higiena-epidemiologia-zakazenia/G7.04__Dezynfekcja-sterylizacja-dekontaminacja.png;2_Glowny_G/G7_Higiena-epidemiologia-zakazenia/G7.04__Dezynfekcja-sterylizacja-dekontaminacja.pdf
G7.05;Postępowanie z odpadami medycznymi;Główny;G7. Higiena, epidemiologia, zakażenia;Personel / DHiE / Dział Techniczny / Odbiorca (zewn.);DI.DT / DM.DHiE;DI.DT, DM.DHiE;;;Tak;2_Glowny_G/G7_Higiena-epidemiologia-zakazenia/G7.05__Postepowanie-z-odpadami-medycznymi.bpmn;2_Glowny_G/G7_Higiena-epidemiologia-zakazenia/G7.05__Postepowanie-z-odpadami-medycznymi.png;2_Glowny_G/G7_Higiena-epidemiologia-zakazenia/G7.05__Postepowanie-z-odpadami-medycznymi.pdf
G7.06;Monitorowanie i promocja higieny rąk;Główny;G7. Higiena, epidemiologia, zakażenia;Pielęgniarka epidemiologiczna / Personel;Pielęgniarka epidemiologiczna;DM.DHiE;;;Tak;2_Glowny_G/G7_Higiena-epidemiologia-zakazenia/G7.06__Monitorowanie-i-promocja-higieny-rak.bpmn;2_Glowny_G/G7_Higiena-epidemiologia-zakazenia/G7.06__Monitorowanie-i-promocja-higieny-rak.png;2_Glowny_G/G7_Higiena-epidemiologia-zakazenia/G7.06__Monitorowanie-i-promocja-higieny-rak.pdf
G7.07;Postępowanie antyepidemiczne (ekspozycje zawodowe, epidemie);Główny;G7. Higiena, epidemiologia, zakażenia;Pielęgniarka epidemiologiczna / Lekarz / Medycyna pracy;Pielęgniarka epid. / DM.DHiE;DM.DHiE;;;Tak;2_Glowny_G/G7_Higiena-epidemiologia-zakazenia/G7.07__Postepowanie-antyepidemiczne-ekspozycje-zawodowe-e.bpmn;2_Glowny_G/G7_Higiena-epidemiologia-zakazenia/G7.07__Postepowanie-antyepidemiczne-ekspozycje-zawodowe-e.png;2_Glowny_G/G7_Higiena-epidemiologia-zakazenia/G7.07__Postepowanie-antyepidemiczne-ekspozycje-zawodowe-e.pdf
G7.08;Szkolenia personelu w zakresie zakażeń;Główny;G7. Higiena, epidemiologia, zakażenia;Dział Higieny i Epidemiologii / Personel;DM.DHiE;DM.DHiE;;;Tak;2_Glowny_G/G7_Higiena-epidemiologia-zakazenia/G7.08__Szkolenia-personelu-w-zakresie-zakazen.bpmn;2_Glowny_G/G7_Higiena-epidemiologia-zakazenia/G7.08__Szkolenia-personelu-w-zakresie-zakazen.png;2_Glowny_G/G7_Higiena-epidemiologia-zakazenia/G7.08__Szkolenia-personelu-w-zakresie-zakazen.pdf
G8.01;Prowadzenie dokumentacji medycznej (papierowej i EDM);Główny;G8. Dokumentacja medyczna i archiwum;Personel medyczny / System EDM / P1;Personel medyczny;Wszystkie komórki medyczne;AI-05, AI-53, AI-57, AI-61;AW-S01, AW-S05, AW-S10, AW-S21;Tak;2_Glowny_G/G8_Dokumentacja-medyczna-i-archiwum/G8.01__Prowadzenie-dokumentacji-medycznej-papierowej-i-ED.bpmn;2_Glowny_G/G8_Dokumentacja-medyczna-i-archiwum/G8.01__Prowadzenie-dokumentacji-medycznej-papierowej-i-ED.png;2_Glowny_G/G8_Dokumentacja-medyczna-i-archiwum/G8.01__Prowadzenie-dokumentacji-medycznej-papierowej-i-ED.pdf
G8.02;Udostępnianie dokumentacji medycznej (pacjent, organy, podmioty);Główny;G8. Dokumentacja medyczna i archiwum;Wnioskodawca / Sekcja Dokumentacji Medycznej;SDM;DM.SDM;AI-05, AI-57;AW-S09, AW-S05;Tak;2_Glowny_G/G8_Dokumentacja-medyczna-i-archiwum/G8.02__Udostepnianie-dokumentacji-medycznej-pacjent-organ.bpmn;2_Glowny_G/G8_Dokumentacja-medyczna-i-archiwum/G8.02__Udostepnianie-dokumentacji-medycznej-pacjent-organ.png;2_Glowny_G/G8_Dokumentacja-medyczna-i-archiwum/G8.02__Udostepnianie-dokumentacji-medycznej-pacjent-organ.pdf
G8.03;Archiwizacja i przechowywanie dokumentacji medycznej;Główny;G8. Dokumentacja medyczna i archiwum;Sekcja Dokumentacji Medycznej;SDM;DM.SDM;AI-05;AW-S09;Tak;2_Glowny_G/G8_Dokumentacja-medyczna-i-archiwum/G8.03__Archiwizacja-i-przechowywanie-dokumentacji-medyczn.bpmn;2_Glowny_G/G8_Dokumentacja-medyczna-i-archiwum/G8.03__Archiwizacja-i-przechowywanie-dokumentacji-medyczn.png;2_Glowny_G/G8_Dokumentacja-medyczna-i-archiwum/G8.03__Archiwizacja-i-przechowywanie-dokumentacji-medyczn.pdf
G8.04;Brakowanie/niszczenie dokumentacji po okresie przechowywania;Główny;G8. Dokumentacja medyczna i archiwum;Sekcja Dokumentacji Medycznej / Zarząd;SDM;DM.SDM;AI-05;AW-S09;Tak;2_Glowny_G/G8_Dokumentacja-medyczna-i-archiwum/G8.04__Brakowanie-niszczenie-dokumentacji-po-okresie-prze.bpmn;2_Glowny_G/G8_Dokumentacja-medyczna-i-archiwum/G8.04__Brakowanie-niszczenie-dokumentacji-po-okresie-prze.png;2_Glowny_G/G8_Dokumentacja-medyczna-i-archiwum/G8.04__Brakowanie-niszczenie-dokumentacji-po-okresie-prze.pdf
G8.05;Integracja z platformą P1 (EDM, IKP);Główny;G8. Dokumentacja medyczna i archiwum;System EDM / Administratorzy IT / Platforma P1;DI.DI / SDM;DI.DI, DM.SDM;AI-05, AI-06, AI-07;AW-S05, AW-S08, AW-S09;Tak;2_Glowny_G/G8_Dokumentacja-medyczna-i-archiwum/G8.05__Integracja-z-platforma-P1-EDM-IKP.bpmn;2_Glowny_G/G8_Dokumentacja-medyczna-i-archiwum/G8.05__Integracja-z-platforma-P1-EDM-IKP.png;2_Glowny_G/G8_Dokumentacja-medyczna-i-archiwum/G8.05__Integracja-z-platforma-P1-EDM-IKP.pdf
G9.01;Sprawozdawczość bieżąca do NFZ (komunikaty SWIAD, KOLEJKI);Główny;G9. Rozliczenia świadczeń (NFZ) i statystyka;Dział Rozliczeń Świadczeń / NFZ (system);DRZ;DM.DRZ;;;Tak;2_Glowny_G/G9_Rozliczenia-swiadczen-NFZ-i-statystyka/G9.01__Sprawozdawczosc-biezaca-do-NFZ-komunikaty-SWIAD-KO.bpmn;2_Glowny_G/G9_Rozliczenia-swiadczen-NFZ-i-statystyka/G9.01__Sprawozdawczosc-biezaca-do-NFZ-komunikaty-SWIAD-KO.png;2_Glowny_G/G9_Rozliczenia-swiadczen-NFZ-i-statystyka/G9.01__Sprawozdawczosc-biezaca-do-NFZ-komunikaty-SWIAD-KO.pdf
G9.02;Rozliczanie świadczeń (JGP, ryczałt PSZ, AOS);Główny;G9. Rozliczenia świadczeń (NFZ) i statystyka;Dział Rozliczeń Świadczeń / NFZ / Dział Finansowo-Księgowy;DRZ;DM.DRZ;;;Tak;2_Glowny_G/G9_Rozliczenia-swiadczen-NFZ-i-statystyka/G9.02__Rozliczanie-swiadczen-JGP-ryczalt-PSZ-AOS.bpmn;2_Glowny_G/G9_Rozliczenia-swiadczen-NFZ-i-statystyka/G9.02__Rozliczanie-swiadczen-JGP-ryczalt-PSZ-AOS.png;2_Glowny_G/G9_Rozliczenia-swiadczen-NFZ-i-statystyka/G9.02__Rozliczanie-swiadczen-JGP-ryczalt-PSZ-AOS.pdf
G9.03;Sprawozdawczość statystyczna (MZ-29, MZ-11, GUS);Główny;G9. Rozliczenia świadczeń (NFZ) i statystyka;Dział Rozliczeń Świadczeń / GUS / MZ;DRZ;DM.DRZ;;;Nie;2_Glowny_G/G9_Rozliczenia-swiadczen-NFZ-i-statystyka/G9.03__Sprawozdawczosc-statystyczna-MZ-29-MZ-11-GUS.bpmn;2_Glowny_G/G9_Rozliczenia-swiadczen-NFZ-i-statystyka/G9.03__Sprawozdawczosc-statystyczna-MZ-29-MZ-11-GUS.png;2_Glowny_G/G9_Rozliczenia-swiadczen-NFZ-i-statystyka/G9.03__Sprawozdawczosc-statystyczna-MZ-29-MZ-11-GUS.pdf
G9.04;Obsługa kontroli NFZ;Główny;G9. Rozliczenia świadczeń (NFZ) i statystyka;NFZ / Dział Rozliczeń Świadczeń / Zarząd;DRZ / Zarząd;DM.DRZ, Z;;;Tak;2_Glowny_G/G9_Rozliczenia-swiadczen-NFZ-i-statystyka/G9.04__Obsluga-kontroli-NFZ.bpmn;2_Glowny_G/G9_Rozliczenia-swiadczen-NFZ-i-statystyka/G9.04__Obsluga-kontroli-NFZ.png;2_Glowny_G/G9_Rozliczenia-swiadczen-NFZ-i-statystyka/G9.04__Obsluga-kontroli-NFZ.pdf
G9.05;Wystawianie faktur za świadczenia komercyjne;Główny;G9. Rozliczenia świadczeń (NFZ) i statystyka;Dział Rozliczeń Świadczeń / Dział Finansowo-Księgowy;DRZ / DFK;DM.DRZ, K.DFK;;;Nie;2_Glowny_G/G9_Rozliczenia-swiadczen-NFZ-i-statystyka/G9.05__Wystawianie-faktur-za-swiadczenia-komercyjne.bpmn;2_Glowny_G/G9_Rozliczenia-swiadczen-NFZ-i-statystyka/G9.05__Wystawianie-faktur-za-swiadczenia-komercyjne.png;2_Glowny_G/G9_Rozliczenia-swiadczen-NFZ-i-statystyka/G9.05__Wystawianie-faktur-za-swiadczenia-komercyjne.pdf
G10.01;Transport sanitarny pacjentów (planowy i pilny);Główny;G10. Transport medyczny;Zlecający / Dyspozytor / Zespół Transportu Medycznego;Zespół Transportu Med.;JO.POR_KUP.9250;;;Tak;2_Glowny_G/G10_Transport-medyczny/G10.01__Transport-sanitarny-pacjentow-planowy-i-pilny.bpmn;2_Glowny_G/G10_Transport-medyczny/G10.01__Transport-sanitarny-pacjentow-planowy-i-pilny.png;2_Glowny_G/G10_Transport-medyczny/G10.01__Transport-sanitarny-pacjentow-planowy-i-pilny.pdf
G10.02;Transport materiału biologicznego do laboratorium;Główny;G10. Transport medyczny;Punkt pobrań / Zespół Transportu Medycznego / Laboratorium;Zespół Transportu Med.;JO.POR_KUP.9250;;;Tak;2_Glowny_G/G10_Transport-medyczny/G10.02__Transport-materialu-biologicznego-do-laboratorium.bpmn;2_Glowny_G/G10_Transport-medyczny/G10.02__Transport-materialu-biologicznego-do-laboratorium.png;2_Glowny_G/G10_Transport-medyczny/G10.02__Transport-materialu-biologicznego-do-laboratorium.pdf
G10.03;Utrzymanie pojazdów transportu medycznego;Główny;G10. Transport medyczny;Zespół Transportu Medycznego / Dział Techniczny;Zespół Transportu Med. / DI.DT;JO.POR_KUP.9250, DI.DT;;;Nie;2_Glowny_G/G10_Transport-medyczny/G10.03__Utrzymanie-pojazdow-transportu-medycznego.bpmn;2_Glowny_G/G10_Transport-medyczny/G10.03__Utrzymanie-pojazdow-transportu-medycznego.png;2_Glowny_G/G10_Transport-medyczny/G10.03__Utrzymanie-pojazdow-transportu-medycznego.pdf
W1.01;Polityka rachunkowości i prowadzenie ksiąg rachunkowych;Wspierający;W1. Finanse i rachunkowość;Główny Księgowy / Dział Finansowo-Księgowy / Zarząd;Główny Księgowy;K / K.DFK;;;Nie;3_Wspierajacy_W/W1_Finanse-i-rachunkowosc/W1.01__Polityka-rachunkowosci-i-prowadzenie-ksiag-rachunk.bpmn;3_Wspierajacy_W/W1_Finanse-i-rachunkowosc/W1.01__Polityka-rachunkowosci-i-prowadzenie-ksiag-rachunk.png;3_Wspierajacy_W/W1_Finanse-i-rachunkowosc/W1.01__Polityka-rachunkowosci-i-prowadzenie-ksiag-rachunk.pdf
W1.02;Budżetowanie i planowanie finansowe (plan rzeczowo-finansowy);Wspierający;W1. Finanse i rachunkowość;Komórki / Dyrektorzy / Główny Księgowy / Zarząd;Główny Księgowy / Zarząd;K, Z;;;Nie;3_Wspierajacy_W/W1_Finanse-i-rachunkowosc/W1.02__Budzetowanie-i-planowanie-finansowe-plan-rzeczowo.bpmn;3_Wspierajacy_W/W1_Finanse-i-rachunkowosc/W1.02__Budzetowanie-i-planowanie-finansowe-plan-rzeczowo.png;3_Wspierajacy_W/W1_Finanse-i-rachunkowosc/W1.02__Budzetowanie-i-planowanie-finansowe-plan-rzeczowo.pdf
W1.03;Księgowanie przychodów NFZ i komercyjnych;Wspierający;W1. Finanse i rachunkowość;Dział Finansowo-Księgowy / Dział Rozliczeń Świadczeń;DFK;K.DFK;;;Nie;3_Wspierajacy_W/W1_Finanse-i-rachunkowosc/W1.03__Ksiegowanie-przychodow-NFZ-i-komercyjnych.bpmn;3_Wspierajacy_W/W1_Finanse-i-rachunkowosc/W1.03__Ksiegowanie-przychodow-NFZ-i-komercyjnych.png;3_Wspierajacy_W/W1_Finanse-i-rachunkowosc/W1.03__Ksiegowanie-przychodow-NFZ-i-komercyjnych.pdf
W1.04;Zarządzanie należnościami i windykacja;Wspierający;W1. Finanse i rachunkowość;Dział Finansowo-Księgowy / Radca prawny;DFK;K.DFK;;;Nie;3_Wspierajacy_W/W1_Finanse-i-rachunkowosc/W1.04__Zarzadzanie-naleznosciami-i-windykacja.bpmn;3_Wspierajacy_W/W1_Finanse-i-rachunkowosc/W1.04__Zarzadzanie-naleznosciami-i-windykacja.png;3_Wspierajacy_W/W1_Finanse-i-rachunkowosc/W1.04__Zarzadzanie-naleznosciami-i-windykacja.pdf
W1.05;Zarządzanie zobowiązaniami i płatnościami;Wspierający;W1. Finanse i rachunkowość;Komórka zamawiająca / Dział Finansowo-Księgowy;DFK;K.DFK;;;Nie;3_Wspierajacy_W/W1_Finanse-i-rachunkowosc/W1.05__Zarzadzanie-zobowiazaniami-i-platnosciami.bpmn;3_Wspierajacy_W/W1_Finanse-i-rachunkowosc/W1.05__Zarzadzanie-zobowiazaniami-i-platnosciami.png;3_Wspierajacy_W/W1_Finanse-i-rachunkowosc/W1.05__Zarzadzanie-zobowiazaniami-i-platnosciami.pdf
W1.06;Rachunek kosztów świadczeń (sprawozdawczość AOTMiT);Wspierający;W1. Finanse i rachunkowość;Dział Finansowo-Księgowy / Dział Rozliczeń Świadczeń;DFK / DRZ;K.DFK, DM.DRZ;;;Nie;3_Wspierajacy_W/W1_Finanse-i-rachunkowosc/W1.06__Rachunek-kosztow-swiadczen-sprawozdawczosc-AOTMiT.bpmn;3_Wspierajacy_W/W1_Finanse-i-rachunkowosc/W1.06__Rachunek-kosztow-swiadczen-sprawozdawczosc-AOTMiT.png;3_Wspierajacy_W/W1_Finanse-i-rachunkowosc/W1.06__Rachunek-kosztow-swiadczen-sprawozdawczosc-AOTMiT.pdf
W1.07;Sprawozdania finansowe i podatkowe (US, JPK, GUS);Wspierający;W1. Finanse i rachunkowość;Dział Finansowo-Księgowy / Główny Księgowy / US / GUS;Główny Księgowy / DFK;K, K.DFK;;;Nie;3_Wspierajacy_W/W1_Finanse-i-rachunkowosc/W1.07__Sprawozdania-finansowe-i-podatkowe-US-JPK-GUS.bpmn;3_Wspierajacy_W/W1_Finanse-i-rachunkowosc/W1.07__Sprawozdania-finansowe-i-podatkowe-US-JPK-GUS.png;3_Wspierajacy_W/W1_Finanse-i-rachunkowosc/W1.07__Sprawozdania-finansowe-i-podatkowe-US-JPK-GUS.pdf
W1.08;Inwentaryzacja;Wspierający;W1. Finanse i rachunkowość;Dział Finansowo-Księgowy / Komisja inwentaryzacyjna;DFK;K.DFK;;;Nie;3_Wspierajacy_W/W1_Finanse-i-rachunkowosc/W1.08__Inwentaryzacja.bpmn;3_Wspierajacy_W/W1_Finanse-i-rachunkowosc/W1.08__Inwentaryzacja.png;3_Wspierajacy_W/W1_Finanse-i-rachunkowosc/W1.08__Inwentaryzacja.pdf
W1.09;Środki trwałe i wartości niematerialne (ewidencja, amortyzacja);Wspierający;W1. Finanse i rachunkowość;Dział Finansowo-Księgowy;DFK;K.DFK;;;Nie;3_Wspierajacy_W/W1_Finanse-i-rachunkowosc/W1.09__Srodki-trwale-i-wartosci-niematerialne-ewidencja-a.bpmn;3_Wspierajacy_W/W1_Finanse-i-rachunkowosc/W1.09__Srodki-trwale-i-wartosci-niematerialne-ewidencja-a.png;3_Wspierajacy_W/W1_Finanse-i-rachunkowosc/W1.09__Srodki-trwale-i-wartosci-niematerialne-ewidencja-a.pdf
W1.10;Obsługa kasy / gotówki;Wspierający;W1. Finanse i rachunkowość;Dział Finansowo-Księgowy;DFK;K.DFK;;;Nie;3_Wspierajacy_W/W1_Finanse-i-rachunkowosc/W1.10__Obsluga-kasy-gotowki.bpmn;3_Wspierajacy_W/W1_Finanse-i-rachunkowosc/W1.10__Obsluga-kasy-gotowki.png;3_Wspierajacy_W/W1_Finanse-i-rachunkowosc/W1.10__Obsluga-kasy-gotowki.pdf
W2.01;Planowanie zatrudnienia i etatów;Wspierający;W2. HR / Kadry-Płace;Kierownicy komórek / Dział Personalno-Płacowy / Zarząd;DPP / Zarząd;K.DPP, Z;;;Nie;3_Wspierajacy_W/W2_HR-Kadry-Place/W2.01__Planowanie-zatrudnienia-i-etatow.bpmn;3_Wspierajacy_W/W2_HR-Kadry-Place/W2.01__Planowanie-zatrudnienia-i-etatow.png;3_Wspierajacy_W/W2_HR-Kadry-Place/W2.01__Planowanie-zatrudnienia-i-etatow.pdf
W2.02;Rekrutacja i selekcja;Wspierający;W2. HR / Kadry-Płace;Komórka wnioskująca / Dział Personalno-Płacowy;DPP;K.DPP;;;Nie;3_Wspierajacy_W/W2_HR-Kadry-Place/W2.02__Rekrutacja-i-selekcja.bpmn;3_Wspierajacy_W/W2_HR-Kadry-Place/W2.02__Rekrutacja-i-selekcja.png;3_Wspierajacy_W/W2_HR-Kadry-Place/W2.02__Rekrutacja-i-selekcja.pdf
W2.03;Zatrudnianie - umowy o pracę i kontrakty cywilnoprawne;Wspierający;W2. HR / Kadry-Płace;Kandydat / Pracownik / Dział Personalno-Płacowy;DPP;K.DPP;;;Nie;3_Wspierajacy_W/W2_HR-Kadry-Place/W2.03__Zatrudnianie-umowy-o-prace-i-kontrakty-cywilnopraw.bpmn;3_Wspierajacy_W/W2_HR-Kadry-Place/W2.03__Zatrudnianie-umowy-o-prace-i-kontrakty-cywilnopraw.png;3_Wspierajacy_W/W2_HR-Kadry-Place/W2.03__Zatrudnianie-umowy-o-prace-i-kontrakty-cywilnopraw.pdf
W2.04;Wdrożenie i adaptacja nowego pracownika;Wspierający;W2. HR / Kadry-Płace;Dział Personalno-Płacowy / Kierownik komórki / Administratorzy IT;DPP / kierownicy komórek;K.DPP;;;Nie;3_Wspierajacy_W/W2_HR-Kadry-Place/W2.04__Wdrozenie-i-adaptacja-nowego-pracownika.bpmn;3_Wspierajacy_W/W2_HR-Kadry-Place/W2.04__Wdrozenie-i-adaptacja-nowego-pracownika.png;3_Wspierajacy_W/W2_HR-Kadry-Place/W2.04__Wdrozenie-i-adaptacja-nowego-pracownika.pdf
W2.05;Naliczanie i wypłata wynagrodzeń (płace, ZUS, PIT);Wspierający;W2. HR / Kadry-Płace;Dział Personalno-Płacowy / Dział Finansowo-Księgowy;DPP;K.DPP;;;Nie;3_Wspierajacy_W/W2_HR-Kadry-Place/W2.05__Naliczanie-i-wyplata-wynagrodzen-place-ZUS-PIT.bpmn;3_Wspierajacy_W/W2_HR-Kadry-Place/W2.05__Naliczanie-i-wyplata-wynagrodzen-place-ZUS-PIT.png;3_Wspierajacy_W/W2_HR-Kadry-Place/W2.05__Naliczanie-i-wyplata-wynagrodzen-place-ZUS-PIT.pdf
W2.06;Ewidencja czasu pracy i grafiki;Wspierający;W2. HR / Kadry-Płace;Kierownicy komórek / Dział Personalno-Płacowy;DPP / kierownicy komórek;K.DPP;;;Nie;3_Wspierajacy_W/W2_HR-Kadry-Place/W2.06__Ewidencja-czasu-pracy-i-grafiki.bpmn;3_Wspierajacy_W/W2_HR-Kadry-Place/W2.06__Ewidencja-czasu-pracy-i-grafiki.png;3_Wspierajacy_W/W2_HR-Kadry-Place/W2.06__Ewidencja-czasu-pracy-i-grafiki.pdf
W2.07;Urlopy i nieobecności;Wspierający;W2. HR / Kadry-Płace;Pracownik / Przełożony / Dział Personalno-Płacowy;DPP;K.DPP;;;Nie;3_Wspierajacy_W/W2_HR-Kadry-Place/W2.07__Urlopy-i-nieobecnosci.bpmn;3_Wspierajacy_W/W2_HR-Kadry-Place/W2.07__Urlopy-i-nieobecnosci.png;3_Wspierajacy_W/W2_HR-Kadry-Place/W2.07__Urlopy-i-nieobecnosci.pdf
W2.08;Świadczenia socjalne (ZFŚS);Wspierający;W2. HR / Kadry-Płace;Pracownik / Komisja Socjalna / Dział Personalno-Płacowy;DPP / Komisja Socjalna;K.DPP;;;Nie;3_Wspierajacy_W/W2_HR-Kadry-Place/W2.08__Swiadczenia-socjalne-ZFSS.bpmn;3_Wspierajacy_W/W2_HR-Kadry-Place/W2.08__Swiadczenia-socjalne-ZFSS.png;3_Wspierajacy_W/W2_HR-Kadry-Place/W2.08__Swiadczenia-socjalne-ZFSS.pdf
W2.09;Szkolenia obowiązkowe i podnoszenie kwalifikacji;Wspierający;W2. HR / Kadry-Płace;Dział Personalno-Płacowy / Pracownik;DPP;K.DPP;;;Nie;3_Wspierajacy_W/W2_HR-Kadry-Place/W2.09__Szkolenia-obowiazkowe-i-podnoszenie-kwalifikacji.bpmn;3_Wspierajacy_W/W2_HR-Kadry-Place/W2.09__Szkolenia-obowiazkowe-i-podnoszenie-kwalifikacji.png;3_Wspierajacy_W/W2_HR-Kadry-Place/W2.09__Szkolenia-obowiazkowe-i-podnoszenie-kwalifikacji.pdf
W2.10;Pracownicze Plany Kapitałowe (PPK);Wspierający;W2. HR / Kadry-Płace;Pracownik / Dział Personalno-Płacowy;DPP;K.DPP;;;Nie;3_Wspierajacy_W/W2_HR-Kadry-Place/W2.10__Pracownicze-Plany-Kapitalowe-PPK.bpmn;3_Wspierajacy_W/W2_HR-Kadry-Place/W2.10__Pracownicze-Plany-Kapitalowe-PPK.png;3_Wspierajacy_W/W2_HR-Kadry-Place/W2.10__Pracownicze-Plany-Kapitalowe-PPK.pdf
W2.11;Prowadzenie akt osobowych i archiwum kadr;Wspierający;W2. HR / Kadry-Płace;Dział Personalno-Płacowy;DPP;K.DPP;;;Nie;3_Wspierajacy_W/W2_HR-Kadry-Place/W2.11__Prowadzenie-akt-osobowych-i-archiwum-kadr.bpmn;3_Wspierajacy_W/W2_HR-Kadry-Place/W2.11__Prowadzenie-akt-osobowych-i-archiwum-kadr.png;3_Wspierajacy_W/W2_HR-Kadry-Place/W2.11__Prowadzenie-akt-osobowych-i-archiwum-kadr.pdf
W2.12;Medycyna pracy (profilaktyczne badania pracowników);Wspierający;W2. HR / Kadry-Płace;Pracownik / Dział Personalno-Płacowy / Jednostka medycyny pracy;DPP;K.DPP;;;Tak;3_Wspierajacy_W/W2_HR-Kadry-Place/W2.12__Medycyna-pracy-profilaktyczne-badania-pracownikow.bpmn;3_Wspierajacy_W/W2_HR-Kadry-Place/W2.12__Medycyna-pracy-profilaktyczne-badania-pracownikow.png;3_Wspierajacy_W/W2_HR-Kadry-Place/W2.12__Medycyna-pracy-profilaktyczne-badania-pracownikow.pdf
W2.13;Sprawy dyscyplinarne i rozwiązanie stosunku pracy;Wspierający;W2. HR / Kadry-Płace;Przełożony / DPP / Radca prawny / Dział Personalno-Płacowy;DPP / RP;K.DPP, RP;;;Nie;3_Wspierajacy_W/W2_HR-Kadry-Place/W2.13__Sprawy-dyscyplinarne-i-rozwiazanie-stosunku-pracy.bpmn;3_Wspierajacy_W/W2_HR-Kadry-Place/W2.13__Sprawy-dyscyplinarne-i-rozwiazanie-stosunku-pracy.png;3_Wspierajacy_W/W2_HR-Kadry-Place/W2.13__Sprawy-dyscyplinarne-i-rozwiazanie-stosunku-pracy.pdf
W2.14;Zarządzanie dyżurami i grafikami lekarskimi (obsada lekarska, dyżury medyczne);Wspierający;W2. HR / Kadry-Płace;Kierownicy komórek medycznych / Dział Personalno-Płacowy;DPP / Kierownicy komórek medycznych / DM;K.DPP, Oddziały;;;Nie;3_Wspierajacy_W/W2_HR-Kadry-Place/W2.14__Zarzadzanie-dyzurami-i-grafikami-lekarskimi-obsada.bpmn;3_Wspierajacy_W/W2_HR-Kadry-Place/W2.14__Zarzadzanie-dyzurami-i-grafikami-lekarskimi-obsada.png;3_Wspierajacy_W/W2_HR-Kadry-Place/W2.14__Zarzadzanie-dyzurami-i-grafikami-lekarskimi-obsada.pdf
W3.01;Plan postępowań o udzielenie zamówień publicznych;Wspierający;W3. Zamówienia publiczne i zakupy;Komórka wnioskująca / Dział Zamówień Publicznych / Kierownik Zamawiającego (Zarząd);DZP;DZP;;;Nie;3_Wspierajacy_W/W3_Zamowienia-publiczne-i-zakupy/W3.01__Plan-postepowan-o-udzielenie-zamowien-publicznych.bpmn;3_Wspierajacy_W/W3_Zamowienia-publiczne-i-zakupy/W3.01__Plan-postepowan-o-udzielenie-zamowien-publicznych.png;3_Wspierajacy_W/W3_Zamowienia-publiczne-i-zakupy/W3.01__Plan-postepowan-o-udzielenie-zamowien-publicznych.pdf
W3.02;Prowadzenie postępowań PZP (przetargi, tryby konkurencyjne);Wspierający;W3. Zamówienia publiczne i zakupy;Komórka wnioskująca / Dział Zamówień Publicznych / Komisja przetargowa / Radca prawny / Kierownik Zamawiającego (Zarząd);DZP;DZP;;;Nie;3_Wspierajacy_W/W3_Zamowienia-publiczne-i-zakupy/W3.02__Prowadzenie-postepowan-PZP-przetargi-tryby-konkure.bpmn;3_Wspierajacy_W/W3_Zamowienia-publiczne-i-zakupy/W3.02__Prowadzenie-postepowan-PZP-przetargi-tryby-konkure.png;3_Wspierajacy_W/W3_Zamowienia-publiczne-i-zakupy/W3.02__Prowadzenie-postepowan-PZP-przetargi-tryby-konkure.pdf
W3.03;Udzielanie zamówień podprogowych (wg regulaminu wewnętrznego);Wspierający;W3. Zamówienia publiczne i zakupy;Komórka wnioskująca / Dział Zamówień Publicznych / Kierownik Zamawiającego (Zarząd);DZP;DZP;;;Nie;3_Wspierajacy_W/W3_Zamowienia-publiczne-i-zakupy/W3.03__Udzielanie-zamowien-podprogowych-wg-regulaminu-wew.bpmn;3_Wspierajacy_W/W3_Zamowienia-publiczne-i-zakupy/W3.03__Udzielanie-zamowien-podprogowych-wg-regulaminu-wew.png;3_Wspierajacy_W/W3_Zamowienia-publiczne-i-zakupy/W3.03__Udzielanie-zamowien-podprogowych-wg-regulaminu-wew.pdf
W3.04;Realizacja zakupów bieżących (zaopatrzenie);Wspierający;W3. Zamówienia publiczne i zakupy;Komórka wnioskująca / Dział Zamówień Publicznych / Dział Finansowo-Księgowy;DZP;DZP;;;Nie;3_Wspierajacy_W/W3_Zamowienia-publiczne-i-zakupy/W3.04__Realizacja-zakupow-biezacych-zaopatrzenie.bpmn;3_Wspierajacy_W/W3_Zamowienia-publiczne-i-zakupy/W3.04__Realizacja-zakupow-biezacych-zaopatrzenie.png;3_Wspierajacy_W/W3_Zamowienia-publiczne-i-zakupy/W3.04__Realizacja-zakupow-biezacych-zaopatrzenie.pdf
W3.05;Zarządzanie umowami z dostawcami (CLM);Wspierający;W3. Zamówienia publiczne i zakupy;Komórka wnioskująca / Dział Zamówień Publicznych / Radca prawny;DZP / RP;DZP, RP;;;Nie;3_Wspierajacy_W/W3_Zamowienia-publiczne-i-zakupy/W3.05__Zarzadzanie-umowami-z-dostawcami-CLM.bpmn;3_Wspierajacy_W/W3_Zamowienia-publiczne-i-zakupy/W3.05__Zarzadzanie-umowami-z-dostawcami-CLM.png;3_Wspierajacy_W/W3_Zamowienia-publiczne-i-zakupy/W3.05__Zarzadzanie-umowami-z-dostawcami-CLM.pdf
W3.06;Gospodarka magazynowa (jeśli prowadzony magazyn centralny);Wspierający;W3. Zamówienia publiczne i zakupy;Magazyn / Dział Finansowo-Księgowy;DZP;DZP;;;Nie;3_Wspierajacy_W/W3_Zamowienia-publiczne-i-zakupy/W3.06__Gospodarka-magazynowa-jesli-prowadzony-magazyn-cen.bpmn;3_Wspierajacy_W/W3_Zamowienia-publiczne-i-zakupy/W3.06__Gospodarka-magazynowa-jesli-prowadzony-magazyn-cen.png;3_Wspierajacy_W/W3_Zamowienia-publiczne-i-zakupy/W3.06__Gospodarka-magazynowa-jesli-prowadzony-magazyn-cen.pdf
W3.07;Obsługa platformy eZamówienia (Platforma e-Zamówienia);Wspierający;W3. Zamówienia publiczne i zakupy;Dział Zamówień Publicznych / Administratorzy IT;DZP;DZP;;;Nie;3_Wspierajacy_W/W3_Zamowienia-publiczne-i-zakupy/W3.07__Obsluga-platformy-eZamowienia-Platforma-e-Zamowien.bpmn;3_Wspierajacy_W/W3_Zamowienia-publiczne-i-zakupy/W3.07__Obsluga-platformy-eZamowienia-Platforma-e-Zamowien.png;3_Wspierajacy_W/W3_Zamowienia-publiczne-i-zakupy/W3.07__Obsluga-platformy-eZamowienia-Platforma-e-Zamowien.pdf
W4.01;Wsparcie użytkowników i obsługa zgłoszeń IT;Wspierający;W4. IT / cyfryzacja / cyberbezp.;Użytkownik / Administratorzy IT;DI;DI.DI;AI-60;AW-S10;Nie;3_Wspierajacy_W/W4_IT-cyfryzacja-cyberbezpieczenstwo/W4.01__Wsparcie-uzytkownikow-i-obsluga-zgloszen-IT.bpmn;3_Wspierajacy_W/W4_IT-cyfryzacja-cyberbezpieczenstwo/W4.01__Wsparcie-uzytkownikow-i-obsluga-zgloszen-IT.png;3_Wspierajacy_W/W4_IT-cyfryzacja-cyberbezpieczenstwo/W4.01__Wsparcie-uzytkownikow-i-obsluga-zgloszen-IT.pdf
W4.02;Zarządzanie systemami HIS/RIS/PACS/LIS;Wspierający;W4. IT / cyfryzacja / cyberbezp.;Administratorzy IT / Dostawca / serwis;DI;DI.DI;;;Tak;3_Wspierajacy_W/W4_IT-cyfryzacja-cyberbezpieczenstwo/W4.02__Zarzadzanie-systemami-HIS-RIS-PACS-LIS.bpmn;3_Wspierajacy_W/W4_IT-cyfryzacja-cyberbezpieczenstwo/W4.02__Zarzadzanie-systemami-HIS-RIS-PACS-LIS.png;3_Wspierajacy_W/W4_IT-cyfryzacja-cyberbezpieczenstwo/W4.02__Zarzadzanie-systemami-HIS-RIS-PACS-LIS.pdf
W4.03;Integracja z platformą P1 (EDM, e-recepta, e-skierowanie, e-ZLA);Wspierający;W4. IT / cyfryzacja / cyberbezp.;Administratorzy IT / Platforma P1;DI;DI.DI;;;Tak;3_Wspierajacy_W/W4_IT-cyfryzacja-cyberbezpieczenstwo/W4.03__Integracja-z-platforma-P1-EDM-e-recepta-e-skierowa.bpmn;3_Wspierajacy_W/W4_IT-cyfryzacja-cyberbezpieczenstwo/W4.03__Integracja-z-platforma-P1-EDM-e-recepta-e-skierowa.png;3_Wspierajacy_W/W4_IT-cyfryzacja-cyberbezpieczenstwo/W4.03__Integracja-z-platforma-P1-EDM-e-recepta-e-skierowa.pdf
W4.04;Zarządzanie tożsamością i dostępem (IAM);Wspierający;W4. IT / cyfryzacja / cyberbezp.;Wnioskodawcy / Przełożony / Administratorzy IT / Pełnomocnik ds. SZBI;DI / ABS;DI.DI, ABS;;AW-S12, AW-S19, AW-S21;Nie;3_Wspierajacy_W/W4_IT-cyfryzacja-cyberbezpieczenstwo/W4.04__Zarzadzanie-tozsamoscia-i-dostepem-IAM.bpmn;3_Wspierajacy_W/W4_IT-cyfryzacja-cyberbezpieczenstwo/W4.04__Zarzadzanie-tozsamoscia-i-dostepem-IAM.png;3_Wspierajacy_W/W4_IT-cyfryzacja-cyberbezpieczenstwo/W4.04__Zarzadzanie-tozsamoscia-i-dostepem-IAM.pdf
W4.05;Tworzenie kopii zapasowych i odtwarzanie danych;Wspierający;W4. IT / cyfryzacja / cyberbezp.;Administratorzy IT;DI;DI.DI;;AW-S20;Tak;3_Wspierajacy_W/W4_IT-cyfryzacja-cyberbezpieczenstwo/W4.05__Tworzenie-kopii-zapasowych-i-odtwarzanie-danych.bpmn;3_Wspierajacy_W/W4_IT-cyfryzacja-cyberbezpieczenstwo/W4.05__Tworzenie-kopii-zapasowych-i-odtwarzanie-danych.png;3_Wspierajacy_W/W4_IT-cyfryzacja-cyberbezpieczenstwo/W4.05__Tworzenie-kopii-zapasowych-i-odtwarzanie-danych.pdf
W4.06;Bezpieczeństwo operacyjne IT (Cyber Operations);Wspierający;W4. IT / cyfryzacja / cyberbezp.;Administratorzy IT / Pełnomocnik ds. SZBI;DI / ABS;DI.DI, ABS;;AW-S17, AW-S18;Nie;3_Wspierajacy_W/W4_IT-cyfryzacja-cyberbezpieczenstwo/W4.06__Bezpieczenstwo-operacyjne-IT-Cyber-Operations.bpmn;3_Wspierajacy_W/W4_IT-cyfryzacja-cyberbezpieczenstwo/W4.06__Bezpieczenstwo-operacyjne-IT-Cyber-Operations.png;3_Wspierajacy_W/W4_IT-cyfryzacja-cyberbezpieczenstwo/W4.06__Bezpieczenstwo-operacyjne-IT-Cyber-Operations.pdf
W4.07;Reagowanie na incydenty cyberbezpieczeństwa (CSIRT);Wspierający;W4. IT / cyfryzacja / cyberbezp.;Administratorzy IT / Zespół reagowania IR / Pełnomocnik ds. SZBI;DI / ABS / PBI;DI.DI, ABS, PBI;;;Nie;3_Wspierajacy_W/W4_IT-cyfryzacja-cyberbezpieczenstwo/W4.07__Reagowanie-na-incydenty-cyberbezpieczenstwa-CSIRT.bpmn;3_Wspierajacy_W/W4_IT-cyfryzacja-cyberbezpieczenstwo/W4.07__Reagowanie-na-incydenty-cyberbezpieczenstwa-CSIRT.png;3_Wspierajacy_W/W4_IT-cyfryzacja-cyberbezpieczenstwo/W4.07__Reagowanie-na-incydenty-cyberbezpieczenstwa-CSIRT.pdf
W4.08;Zarządzanie infrastrukturą sieciową i serwerami;Wspierający;W4. IT / cyfryzacja / cyberbezp.;Administratorzy sieci;DI;DI.DI;;AW-S19;Nie;3_Wspierajacy_W/W4_IT-cyfryzacja-cyberbezpieczenstwo/W4.08__Zarzadzanie-infrastruktura-sieciowa-i-serwerami.bpmn;3_Wspierajacy_W/W4_IT-cyfryzacja-cyberbezpieczenstwo/W4.08__Zarzadzanie-infrastruktura-sieciowa-i-serwerami.png;3_Wspierajacy_W/W4_IT-cyfryzacja-cyberbezpieczenstwo/W4.08__Zarzadzanie-infrastruktura-sieciowa-i-serwerami.pdf
W4.09;Telefonia i łączność;Wspierający;W4. IT / cyfryzacja / cyberbezp.;Użytkownik / Administratorzy IT;DI;DI.DI;;;Nie;3_Wspierajacy_W/W4_IT-cyfryzacja-cyberbezpieczenstwo/W4.09__Telefonia-i-lacznosc.bpmn;3_Wspierajacy_W/W4_IT-cyfryzacja-cyberbezpieczenstwo/W4.09__Telefonia-i-lacznosc.png;3_Wspierajacy_W/W4_IT-cyfryzacja-cyberbezpieczenstwo/W4.09__Telefonia-i-lacznosc.pdf
W4.10;Telemedycyna i e-rejestracja;Wspierający;W4. IT / cyfryzacja / cyberbezp.;Administratorzy IT / Pacjent / Użytkownik;DI;DI.DI;AI-55, AI-56;AW-S10, AW-S13;Tak;3_Wspierajacy_W/W4_IT-cyfryzacja-cyberbezpieczenstwo/W4.10__Telemedycyna-i-e-rejestracja.bpmn;3_Wspierajacy_W/W4_IT-cyfryzacja-cyberbezpieczenstwo/W4.10__Telemedycyna-i-e-rejestracja.png;3_Wspierajacy_W/W4_IT-cyfryzacja-cyberbezpieczenstwo/W4.10__Telemedycyna-i-e-rejestracja.pdf
W4.11;Zarządzanie zmianą IT i konfiguracją;Wspierający;W4. IT / cyfryzacja / cyberbezp.;Wnioskodawcy / Administratorzy IT / CAB;DI;DI.DI;;;Nie;3_Wspierajacy_W/W4_IT-cyfryzacja-cyberbezpieczenstwo/W4.11__Zarzadzanie-zmiana-IT-i-konfiguracja.bpmn;3_Wspierajacy_W/W4_IT-cyfryzacja-cyberbezpieczenstwo/W4.11__Zarzadzanie-zmiana-IT-i-konfiguracja.png;3_Wspierajacy_W/W4_IT-cyfryzacja-cyberbezpieczenstwo/W4.11__Zarzadzanie-zmiana-IT-i-konfiguracja.pdf
W4.12;Utrzymanie strony WWW i BIP;Wspierający;W4. IT / cyfryzacja / cyberbezp.;Komórka merytoryczna / Administratorzy IT;DI;DI.DI;;;Nie;3_Wspierajacy_W/W4_IT-cyfryzacja-cyberbezpieczenstwo/W4.12__Utrzymanie-strony-WWW-i-BIP.bpmn;3_Wspierajacy_W/W4_IT-cyfryzacja-cyberbezpieczenstwo/W4.12__Utrzymanie-strony-WWW-i-BIP.png;3_Wspierajacy_W/W4_IT-cyfryzacja-cyberbezpieczenstwo/W4.12__Utrzymanie-strony-WWW-i-BIP.pdf
W5.01;Eksploatacja i utrzymanie obiektów (KUP, POK, CHR);Wspierający;W5. Infrastruktura techniczna i media;Dział Techniczny;DT;DI.DT;;;Nie;3_Wspierajacy_W/W5_Infrastruktura-techniczna-i-media/W5.01__Eksploatacja-i-utrzymanie-obiektow-KUP-POK-CHR.bpmn;3_Wspierajacy_W/W5_Infrastruktura-techniczna-i-media/W5.01__Eksploatacja-i-utrzymanie-obiektow-KUP-POK-CHR.png;3_Wspierajacy_W/W5_Infrastruktura-techniczna-i-media/W5.01__Eksploatacja-i-utrzymanie-obiektow-KUP-POK-CHR.pdf
W5.02;Przeglądy okresowe budynków (prawo budowlane);Wspierający;W5. Infrastruktura techniczna i media;Dział Techniczny / Uprawniony specjalista;DT;DI.DT;;;Nie;3_Wspierajacy_W/W5_Infrastruktura-techniczna-i-media/W5.02__Przeglady-okresowe-budynkow-prawo-budowlane.bpmn;3_Wspierajacy_W/W5_Infrastruktura-techniczna-i-media/W5.02__Przeglady-okresowe-budynkow-prawo-budowlane.png;3_Wspierajacy_W/W5_Infrastruktura-techniczna-i-media/W5.02__Przeglady-okresowe-budynkow-prawo-budowlane.pdf
W5.03;Utrzymanie i serwis aparatury medycznej (paszporty techniczne);Wspierający;W5. Infrastruktura techniczna i media;Dział Techniczny / Serwis (zewn.);DT;DI.DT;;;Nie;3_Wspierajacy_W/W5_Infrastruktura-techniczna-i-media/W5.03__Utrzymanie-i-serwis-aparatury-medycznej-paszporty.bpmn;3_Wspierajacy_W/W5_Infrastruktura-techniczna-i-media/W5.03__Utrzymanie-i-serwis-aparatury-medycznej-paszporty.png;3_Wspierajacy_W/W5_Infrastruktura-techniczna-i-media/W5.03__Utrzymanie-i-serwis-aparatury-medycznej-paszporty.pdf
W5.04;Zarządzanie mediami (energia, woda, gaz, gazy medyczne);Wspierający;W5. Infrastruktura techniczna i media;Dział Techniczny;DT;DI.DT;;;Nie;3_Wspierajacy_W/W5_Infrastruktura-techniczna-i-media/W5.04__Zarzadzanie-mediami-energia-woda-gaz-gazy-medyczne.bpmn;3_Wspierajacy_W/W5_Infrastruktura-techniczna-i-media/W5.04__Zarzadzanie-mediami-energia-woda-gaz-gazy-medyczne.png;3_Wspierajacy_W/W5_Infrastruktura-techniczna-i-media/W5.04__Zarzadzanie-mediami-energia-woda-gaz-gazy-medyczne.pdf
W5.05;Wentylacja, klimatyzacja, czystość powietrza (bloki operacyjne, sale);Wspierający;W5. Infrastruktura techniczna i media;Dział Techniczny / Serwis (zewn.);DT;DI.DT;;;Nie;3_Wspierajacy_W/W5_Infrastruktura-techniczna-i-media/W5.05__Wentylacja-klimatyzacja-czystosc-powietrza-bloki-o.bpmn;3_Wspierajacy_W/W5_Infrastruktura-techniczna-i-media/W5.05__Wentylacja-klimatyzacja-czystosc-powietrza-bloki-o.png;3_Wspierajacy_W/W5_Infrastruktura-techniczna-i-media/W5.05__Wentylacja-klimatyzacja-czystosc-powietrza-bloki-o.pdf
W5.06;Usługa pralnicza (jeśli wewnętrzna / zlecana);Wspierający;W5. Infrastruktura techniczna i media;Dział Techniczny / Dostawca usługi;DT / DZP;DI.DT, DZP;;;Nie;3_Wspierajacy_W/W5_Infrastruktura-techniczna-i-media/W5.06__Usluga-pralnicza-jesli-wewnetrzna-zlecana.bpmn;3_Wspierajacy_W/W5_Infrastruktura-techniczna-i-media/W5.06__Usluga-pralnicza-jesli-wewnetrzna-zlecana.png;3_Wspierajacy_W/W5_Infrastruktura-techniczna-i-media/W5.06__Usluga-pralnicza-jesli-wewnetrzna-zlecana.pdf
W5.07;Sprzątanie i utrzymanie czystości (we współpracy z DHiE);Wspierający;W5. Infrastruktura techniczna i media;Dział Techniczny / Dział Higieny i Epidemiologii;DT;DI.DT, DM.DHiE;;;Nie;3_Wspierajacy_W/W5_Infrastruktura-techniczna-i-media/W5.07__Sprzatanie-i-utrzymanie-czystosci-we-wspolpracy-z.bpmn;3_Wspierajacy_W/W5_Infrastruktura-techniczna-i-media/W5.07__Sprzatanie-i-utrzymanie-czystosci-we-wspolpracy-z.png;3_Wspierajacy_W/W5_Infrastruktura-techniczna-i-media/W5.07__Sprzatanie-i-utrzymanie-czystosci-we-wspolpracy-z.pdf
W5.08;Catering / żywienie zbiorowe pacjentów;Wspierający;W5. Infrastruktura techniczna i media;Dietetyk / Dostawca cateringu / Dział Techniczny;DT / DZP;DI.DT, DZP;;;Nie;3_Wspierajacy_W/W5_Infrastruktura-techniczna-i-media/W5.08__Catering-zywienie-zbiorowe-pacjentow.bpmn;3_Wspierajacy_W/W5_Infrastruktura-techniczna-i-media/W5.08__Catering-zywienie-zbiorowe-pacjentow.png;3_Wspierajacy_W/W5_Infrastruktura-techniczna-i-media/W5.08__Catering-zywienie-zbiorowe-pacjentow.pdf
W5.09;Gospodarka odpadami komunalnymi i medycznymi;Wspierający;W5. Infrastruktura techniczna i media;Dział Techniczny / Odbiorca odpadów (zewn.);DT;DI.DT;;;Nie;3_Wspierajacy_W/W5_Infrastruktura-techniczna-i-media/W5.09__Gospodarka-odpadami-komunalnymi-i-medycznymi.bpmn;3_Wspierajacy_W/W5_Infrastruktura-techniczna-i-media/W5.09__Gospodarka-odpadami-komunalnymi-i-medycznymi.png;3_Wspierajacy_W/W5_Infrastruktura-techniczna-i-media/W5.09__Gospodarka-odpadami-komunalnymi-i-medycznymi.pdf
W5.10;Transport pomocniczy i gospodarka pojazdami niemedycznymi;Wspierający;W5. Infrastruktura techniczna i media;Dział Techniczny;DT;DI.DT;;;Nie;3_Wspierajacy_W/W5_Infrastruktura-techniczna-i-media/W5.10__Transport-pomocniczy-i-gospodarka-pojazdami-niemed.bpmn;3_Wspierajacy_W/W5_Infrastruktura-techniczna-i-media/W5.10__Transport-pomocniczy-i-gospodarka-pojazdami-niemed.png;3_Wspierajacy_W/W5_Infrastruktura-techniczna-i-media/W5.10__Transport-pomocniczy-i-gospodarka-pojazdami-niemed.pdf
W5.11;Ochrona fizyczna obiektów;Wspierający;W5. Infrastruktura techniczna i media;Dział Techniczny / Służba ochrony;DT;DI.DT;;;Nie;3_Wspierajacy_W/W5_Infrastruktura-techniczna-i-media/W5.11__Ochrona-fizyczna-obiektow.bpmn;3_Wspierajacy_W/W5_Infrastruktura-techniczna-i-media/W5.11__Ochrona-fizyczna-obiektow.png;3_Wspierajacy_W/W5_Infrastruktura-techniczna-i-media/W5.11__Ochrona-fizyczna-obiektow.pdf
W6.01;Zarządzanie dokumentacją wewnętrzną (regulaminy, zarządzenia, instrukcje);Wspierający;W6. Sprawy organizacyjno-prawne;Komórka inicjująca / Dział Organizacyjno-Prawny / Zarząd;DOP;K.DOP;AI-61;AW-S21;Nie;3_Wspierajacy_W/W6_Sprawy-organizacyjno-prawne/W6.01__Zarzadzanie-dokumentacja-wewnetrzna-regulaminy-zar.bpmn;3_Wspierajacy_W/W6_Sprawy-organizacyjno-prawne/W6.01__Zarzadzanie-dokumentacja-wewnetrzna-regulaminy-zar.png;3_Wspierajacy_W/W6_Sprawy-organizacyjno-prawne/W6.01__Zarzadzanie-dokumentacja-wewnetrzna-regulaminy-zar.pdf
W6.02;Obsługa kancelaryjna - korespondencja przychodząca i wychodząca;Wspierający;W6. Sprawy organizacyjno-prawne;Dział Organizacyjno-Prawny / Komórka merytoryczna;DOP;K.DOP;;;Nie;3_Wspierajacy_W/W6_Sprawy-organizacyjno-prawne/W6.02__Obsluga-kancelaryjna-korespondencja-przychodzaca-i.bpmn;3_Wspierajacy_W/W6_Sprawy-organizacyjno-prawne/W6.02__Obsluga-kancelaryjna-korespondencja-przychodzaca-i.png;3_Wspierajacy_W/W6_Sprawy-organizacyjno-prawne/W6.02__Obsluga-kancelaryjna-korespondencja-przychodzaca-i.pdf
W6.03;Prowadzenie rejestrów wewnętrznych Spółki;Wspierający;W6. Sprawy organizacyjno-prawne;Dział Organizacyjno-Prawny;DOP;K.DOP;;;Nie;3_Wspierajacy_W/W6_Sprawy-organizacyjno-prawne/W6.03__Prowadzenie-rejestrow-wewnetrznych-Spolki.bpmn;3_Wspierajacy_W/W6_Sprawy-organizacyjno-prawne/W6.03__Prowadzenie-rejestrow-wewnetrznych-Spolki.png;3_Wspierajacy_W/W6_Sprawy-organizacyjno-prawne/W6.03__Prowadzenie-rejestrow-wewnetrznych-Spolki.pdf
W6.04;Archiwum zakładowe (dokumenty niemedyczne);Wspierający;W6. Sprawy organizacyjno-prawne;Komórka przekazująca / Dział Organizacyjno-Prawny;DOP;K.DOP;;;Nie;3_Wspierajacy_W/W6_Sprawy-organizacyjno-prawne/W6.04__Archiwum-zakladowe-dokumenty-niemedyczne.bpmn;3_Wspierajacy_W/W6_Sprawy-organizacyjno-prawne/W6.04__Archiwum-zakladowe-dokumenty-niemedyczne.png;3_Wspierajacy_W/W6_Sprawy-organizacyjno-prawne/W6.04__Archiwum-zakladowe-dokumenty-niemedyczne.pdf
W6.05;Obsługa spraw korporacyjnych (KRS, BIP, walne);Wspierający;W6. Sprawy organizacyjno-prawne;Dział Organizacyjno-Prawny / Radca prawny / Zarząd;DOP / RP;K.DOP, RP;;;Nie;3_Wspierajacy_W/W6_Sprawy-organizacyjno-prawne/W6.05__Obsluga-spraw-korporacyjnych-KRS-BIP-walne.bpmn;3_Wspierajacy_W/W6_Sprawy-organizacyjno-prawne/W6.05__Obsluga-spraw-korporacyjnych-KRS-BIP-walne.png;3_Wspierajacy_W/W6_Sprawy-organizacyjno-prawne/W6.05__Obsluga-spraw-korporacyjnych-KRS-BIP-walne.pdf
W6.06;Obsługa wniosków o informację publiczną (UDIP);Wspierający;W6. Sprawy organizacyjno-prawne;Wnioskodawca / Dział Organizacyjno-Prawny;DOP;K.DOP;;;Nie;3_Wspierajacy_W/W6_Sprawy-organizacyjno-prawne/W6.06__Obsluga-wnioskow-o-informacje-publiczna-UDIP.bpmn;3_Wspierajacy_W/W6_Sprawy-organizacyjno-prawne/W6.06__Obsluga-wnioskow-o-informacje-publiczna-UDIP.png;3_Wspierajacy_W/W6_Sprawy-organizacyjno-prawne/W6.06__Obsluga-wnioskow-o-informacje-publiczna-UDIP.pdf
W7.01;Ocena ryzyka zawodowego na stanowiskach pracy;Wspierający;W7. BHP, P-POŻ i sprawy obronne;Kierownicy komórek / Stanowisko BHP;BHP;BHP;;;Nie;3_Wspierajacy_W/W7_BHP-P-POZ-i-sprawy-obronne/W7.01__Ocena-ryzyka-zawodowego-na-stanowiskach-pracy.bpmn;3_Wspierajacy_W/W7_BHP-P-POZ-i-sprawy-obronne/W7.01__Ocena-ryzyka-zawodowego-na-stanowiskach-pracy.png;3_Wspierajacy_W/W7_BHP-P-POZ-i-sprawy-obronne/W7.01__Ocena-ryzyka-zawodowego-na-stanowiskach-pracy.pdf
W7.02;Postępowania powypadkowe i rejestr wypadków;Wspierający;W7. BHP, P-POŻ i sprawy obronne;Poszkodowany / Kierownik / Stanowisko BHP / Zespół powypadkowy;BHP;BHP;;;Tak;3_Wspierajacy_W/W7_BHP-P-POZ-i-sprawy-obronne/W7.02__Postepowania-powypadkowe-i-rejestr-wypadkow.bpmn;3_Wspierajacy_W/W7_BHP-P-POZ-i-sprawy-obronne/W7.02__Postepowania-powypadkowe-i-rejestr-wypadkow.png;3_Wspierajacy_W/W7_BHP-P-POZ-i-sprawy-obronne/W7.02__Postepowania-powypadkowe-i-rejestr-wypadkow.pdf
W7.03;Szkolenia BHP (wstępne i okresowe);Wspierający;W7. BHP, P-POŻ i sprawy obronne;Stanowisko BHP / Dział Personalno-Płacowy / Pracownik;BHP / DPP;BHP, K.DPP;;;Nie;3_Wspierajacy_W/W7_BHP-P-POZ-i-sprawy-obronne/W7.03__Szkolenia-BHP-wstepne-i-okresowe.bpmn;3_Wspierajacy_W/W7_BHP-P-POZ-i-sprawy-obronne/W7.03__Szkolenia-BHP-wstepne-i-okresowe.png;3_Wspierajacy_W/W7_BHP-P-POZ-i-sprawy-obronne/W7.03__Szkolenia-BHP-wstepne-i-okresowe.pdf
W7.04;Środki ochrony indywidualnej - zapewnienie;Wspierający;W7. BHP, P-POŻ i sprawy obronne;Komórka / Stanowisko BHP / Dział Zamówień Publicznych;BHP / DZP;BHP, DZP;;;Nie;3_Wspierajacy_W/W7_BHP-P-POZ-i-sprawy-obronne/W7.04__Srodki-ochrony-indywidualnej-zapewnienie.bpmn;3_Wspierajacy_W/W7_BHP-P-POZ-i-sprawy-obronne/W7.04__Srodki-ochrony-indywidualnej-zapewnienie.png;3_Wspierajacy_W/W7_BHP-P-POZ-i-sprawy-obronne/W7.04__Srodki-ochrony-indywidualnej-zapewnienie.pdf
W7.05;Plany ewakuacji i procedury P-POŻ;Wspierający;W7. BHP, P-POŻ i sprawy obronne;Stanowisko P-POŻ / Zarząd;P-POŻ;P-POŻ;;;Nie;3_Wspierajacy_W/W7_BHP-P-POZ-i-sprawy-obronne/W7.05__Plany-ewakuacji-i-procedury-P-POZ.bpmn;3_Wspierajacy_W/W7_BHP-P-POZ-i-sprawy-obronne/W7.05__Plany-ewakuacji-i-procedury-P-POZ.png;3_Wspierajacy_W/W7_BHP-P-POZ-i-sprawy-obronne/W7.05__Plany-ewakuacji-i-procedury-P-POZ.pdf
W7.06;Przeglądy sprzętu i instalacji P-POŻ;Wspierający;W7. BHP, P-POŻ i sprawy obronne;Stanowisko P-POŻ / Dział Techniczny;P-POŻ / DT;P-POŻ, DI.DT;;;Nie;3_Wspierajacy_W/W7_BHP-P-POZ-i-sprawy-obronne/W7.06__Przeglady-sprzetu-i-instalacji-P-POZ.bpmn;3_Wspierajacy_W/W7_BHP-P-POZ-i-sprawy-obronne/W7.06__Przeglady-sprzetu-i-instalacji-P-POZ.png;3_Wspierajacy_W/W7_BHP-P-POZ-i-sprawy-obronne/W7.06__Przeglady-sprzetu-i-instalacji-P-POZ.pdf
W7.07;Szkolenia i ćwiczenia P-POŻ;Wspierający;W7. BHP, P-POŻ i sprawy obronne;Stanowisko P-POŻ / Personel;P-POŻ;P-POŻ;;;Nie;3_Wspierajacy_W/W7_BHP-P-POZ-i-sprawy-obronne/W7.07__Szkolenia-i-cwiczenia-P-POZ.bpmn;3_Wspierajacy_W/W7_BHP-P-POZ-i-sprawy-obronne/W7.07__Szkolenia-i-cwiczenia-P-POZ.png;3_Wspierajacy_W/W7_BHP-P-POZ-i-sprawy-obronne/W7.07__Szkolenia-i-cwiczenia-P-POZ.pdf
W7.08;Sprawy obronne - planowanie OC i MOB;Wspierający;W7. BHP, P-POŻ i sprawy obronne;Stanowisko ds. Obronnych / Zarząd;OBR;OBR;;;Nie;3_Wspierajacy_W/W7_BHP-P-POZ-i-sprawy-obronne/W7.08__Sprawy-obronne-planowanie-OC-i-MOB.bpmn;3_Wspierajacy_W/W7_BHP-P-POZ-i-sprawy-obronne/W7.08__Sprawy-obronne-planowanie-OC-i-MOB.png;3_Wspierajacy_W/W7_BHP-P-POZ-i-sprawy-obronne/W7.08__Sprawy-obronne-planowanie-OC-i-MOB.pdf
W7.09;Współpraca z organami obronnymi (WSzW, ZW Opolski);Wspierający;W7. BHP, P-POŻ i sprawy obronne;Stanowisko ds. Obronnych / Organ obronny (zewn.);OBR;OBR;;;Nie;3_Wspierajacy_W/W7_BHP-P-POZ-i-sprawy-obronne/W7.09__Wspolpraca-z-organami-obronnymi-WSzW-ZW-Opolski.bpmn;3_Wspierajacy_W/W7_BHP-P-POZ-i-sprawy-obronne/W7.09__Wspolpraca-z-organami-obronnymi-WSzW-ZW-Opolski.png;3_Wspierajacy_W/W7_BHP-P-POZ-i-sprawy-obronne/W7.09__Wspolpraca-z-organami-obronnymi-WSzW-ZW-Opolski.pdf
W8.01;Planowanie i programowanie inwestycji;Wspierający;W8. Inwestycje i rozwój;Dyrektor ds. Inwestycji i Rozwoju / Zarząd;Dyrektor ds. Inw. i Rozwoju;DI;;;Nie;3_Wspierajacy_W/W8_Inwestycje-i-rozwoj/W8.01__Planowanie-i-programowanie-inwestycji.bpmn;3_Wspierajacy_W/W8_Inwestycje-i-rozwoj/W8.01__Planowanie-i-programowanie-inwestycji.png;3_Wspierajacy_W/W8_Inwestycje-i-rozwoj/W8.01__Planowanie-i-programowanie-inwestycji.pdf
W8.02;Realizacja projektów inwestycyjnych (CapEx);Wspierający;W8. Inwestycje i rozwój;Dyrektor ds. Inwestycji i Rozwoju / Dział Zamówień Publicznych / Wykonawca;Dyrektor ds. Inw. i Rozwoju;DI;;;Nie;3_Wspierajacy_W/W8_Inwestycje-i-rozwoj/W8.02__Realizacja-projektow-inwestycyjnych-CapEx.bpmn;3_Wspierajacy_W/W8_Inwestycje-i-rozwoj/W8.02__Realizacja-projektow-inwestycyjnych-CapEx.png;3_Wspierajacy_W/W8_Inwestycje-i-rozwoj/W8.02__Realizacja-projektow-inwestycyjnych-CapEx.pdf
W8.03;Pozyskiwanie środków zewnętrznych (UE, dotacje, MZ);Wspierający;W8. Inwestycje i rozwój;Dyrektor ds. Inwestycji i Rozwoju / Instytucja finansująca;Dyrektor ds. Inw. i Rozwoju;DI;;;Nie;3_Wspierajacy_W/W8_Inwestycje-i-rozwoj/W8.03__Pozyskiwanie-srodkow-zewnetrznych-UE-dotacje-MZ.bpmn;3_Wspierajacy_W/W8_Inwestycje-i-rozwoj/W8.03__Pozyskiwanie-srodkow-zewnetrznych-UE-dotacje-MZ.png;3_Wspierajacy_W/W8_Inwestycje-i-rozwoj/W8.03__Pozyskiwanie-srodkow-zewnetrznych-UE-dotacje-MZ.pdf
W8.04;Rozliczanie projektów dotacyjnych;Wspierający;W8. Inwestycje i rozwój;Dyrektor ds. Inwestycji i Rozwoju / Dział Finansowo-Księgowy / Instytucja finansująca;DI / DFK;DI, K.DFK;;;Nie;3_Wspierajacy_W/W8_Inwestycje-i-rozwoj/W8.04__Rozliczanie-projektow-dotacyjnych.bpmn;3_Wspierajacy_W/W8_Inwestycje-i-rozwoj/W8.04__Rozliczanie-projektow-dotacyjnych.png;3_Wspierajacy_W/W8_Inwestycje-i-rozwoj/W8.04__Rozliczanie-projektow-dotacyjnych.pdf
W8.05;Rozwój oferty usług medycznych (nowe świadczenia, oddziały);Wspierający;W8. Inwestycje i rozwój;Dyrektor ds. Inwestycji i Rozwoju / Dyrektor ds. Lecznictwa / Zarząd;DI / DM / Zarząd;DI, DM, Z;;;Nie;3_Wspierajacy_W/W8_Inwestycje-i-rozwoj/W8.05__Rozwoj-oferty-uslug-medycznych-nowe-swiadczenia-od.bpmn;3_Wspierajacy_W/W8_Inwestycje-i-rozwoj/W8.05__Rozwoj-oferty-uslug-medycznych-nowe-swiadczenia-od.png;3_Wspierajacy_W/W8_Inwestycje-i-rozwoj/W8.05__Rozwoj-oferty-uslug-medycznych-nowe-swiadczenia-od.pdf
W8.06;Współpraca naukowo-kliniczna (oddziały kliniczne);Wspierający;W8. Inwestycje i rozwój;Dyrektor ds. Lecznictwa / Dyrektor ds. Inwestycji i Rozwoju / Partner naukowy;DM / DI;DM, DI;;;Nie;3_Wspierajacy_W/W8_Inwestycje-i-rozwoj/W8.06__Wspolpraca-naukowo-kliniczna-oddzialy-kliniczne.bpmn;3_Wspierajacy_W/W8_Inwestycje-i-rozwoj/W8.06__Wspolpraca-naukowo-kliniczna-oddzialy-kliniczne.png;3_Wspierajacy_W/W8_Inwestycje-i-rozwoj/W8.06__Wspolpraca-naukowo-kliniczna-oddzialy-kliniczne.pdf
W9.01;Obsługa skarg, wniosków i reklamacji pacjentów;Wspierający;W9. Komunikacja i obsługa pacjenta nieklinicznego;Pacjent / Pełnomocnik ds. Praw Pacjenta / Komórka merytoryczna;PPP / DOP;PPP, K.DOP;;;Nie;3_Wspierajacy_W/W9_Komunikacja-i-obsluga-pacjenta-nieklinicznego/W9.01__Obsluga-skarg-wnioskow-i-reklamacji-pacjentow.bpmn;3_Wspierajacy_W/W9_Komunikacja-i-obsluga-pacjenta-nieklinicznego/W9.01__Obsluga-skarg-wnioskow-i-reklamacji-pacjentow.png;3_Wspierajacy_W/W9_Komunikacja-i-obsluga-pacjenta-nieklinicznego/W9.01__Obsluga-skarg-wnioskow-i-reklamacji-pacjentow.pdf
W9.02;Edukacja w zakresie praw pacjenta;Wspierający;W9. Komunikacja i obsługa pacjenta nieklinicznego;Pełnomocnik ds. Praw Pacjenta / Personel / Pacjenci;PPP;PPP;;;Nie;3_Wspierajacy_W/W9_Komunikacja-i-obsluga-pacjenta-nieklinicznego/W9.02__Edukacja-w-zakresie-praw-pacjenta.bpmn;3_Wspierajacy_W/W9_Komunikacja-i-obsluga-pacjenta-nieklinicznego/W9.02__Edukacja-w-zakresie-praw-pacjenta.png;3_Wspierajacy_W/W9_Komunikacja-i-obsluga-pacjenta-nieklinicznego/W9.02__Edukacja-w-zakresie-praw-pacjenta.pdf
W9.03;Audyt i poprawa dostępności (architektoniczna / inf.-komun. / cyfrowa);Wspierający;W9. Komunikacja i obsługa pacjenta nieklinicznego;Pełnomocnik ds. Dostępności / Komórki organizacyjne;PD;PD;;;Nie;3_Wspierajacy_W/W9_Komunikacja-i-obsluga-pacjenta-nieklinicznego/W9.03__Audyt-i-poprawa-dostepnosci-architektoniczna-inf-k.bpmn;3_Wspierajacy_W/W9_Komunikacja-i-obsluga-pacjenta-nieklinicznego/W9.03__Audyt-i-poprawa-dostepnosci-architektoniczna-inf-k.png;3_Wspierajacy_W/W9_Komunikacja-i-obsluga-pacjenta-nieklinicznego/W9.03__Audyt-i-poprawa-dostepnosci-architektoniczna-inf-k.pdf
W9.04;Komunikacja zewnętrzna (strona WWW, BIP, media);Wspierający;W9. Komunikacja i obsługa pacjenta nieklinicznego;Zarząd / Dział Organizacyjno-Prawny / Administratorzy IT;Zarząd / DI / DOP;Z, DI.DI, K.DOP;;;Nie;3_Wspierajacy_W/W9_Komunikacja-i-obsluga-pacjenta-nieklinicznego/W9.04__Komunikacja-zewnetrzna-strona-WWW-BIP-media.bpmn;3_Wspierajacy_W/W9_Komunikacja-i-obsluga-pacjenta-nieklinicznego/W9.04__Komunikacja-zewnetrzna-strona-WWW-BIP-media.png;3_Wspierajacy_W/W9_Komunikacja-i-obsluga-pacjenta-nieklinicznego/W9.04__Komunikacja-zewnetrzna-strona-WWW-BIP-media.pdf
W9.05;Ankiety satysfakcji pacjenta;Wspierający;W9. Komunikacja i obsługa pacjenta nieklinicznego;Pełnomocnik ds. Akredytacji / Pacjenci / Pełnomocnik ds. Praw Pacjenta;PA / PPP;PA, PPP;;;Nie;3_Wspierajacy_W/W9_Komunikacja-i-obsluga-pacjenta-nieklinicznego/W9.05__Ankiety-satysfakcji-pacjenta.bpmn;3_Wspierajacy_W/W9_Komunikacja-i-obsluga-pacjenta-nieklinicznego/W9.05__Ankiety-satysfakcji-pacjenta.png;3_Wspierajacy_W/W9_Komunikacja-i-obsluga-pacjenta-nieklinicznego/W9.05__Ankiety-satysfakcji-pacjenta.pdf
G2.07;Diagnostyka obrazowa ze wspomaganiem AI (analiza w PUI);Główny;G2. Diagnostyka obrazowa;Lekarz zlecający / Pracownia diagnostyczna / Lekarz opisujący;Lekarz radiolog / DI.DI;Pracownie RTG/TK, DI.DI;AI-13, AI-54, AI-58;AW-S03, AW-S08, AW-S11, AW-H06, AW-O06, AW-S22, AW-S23;Tak;2_Glowny_G/G2_Diagnostyka/G2.07__Diagnostyka-obrazowa-ze-wspomaganiem-AI-analiza-w.bpmn;2_Glowny_G/G2_Diagnostyka/G2.07__Diagnostyka-obrazowa-ze-wspomaganiem-AI-analiza-w.png;2_Glowny_G/G2_Diagnostyka/G2.07__Diagnostyka-obrazowa-ze-wspomaganiem-AI-analiza-w.pdf
W4.13;Monitorowanie bezpieczeństwa i obsługa SOC 24/7;Wspierający;W4. IT / cyfryzacja / cyberbezp.;SOC (zewn.) / Pełnomocnik ds. SZBI;ABS / DI.DI;DI.DI (+ dostawca SOC);AI-36, AI-51;AW-S17, AW-S18, AW-S16, AW-O05;Nie;3_Wspierajacy_W/W4_IT-cyfryzacja-cyberbezpieczenstwo/W4.13__Monitorowanie-bezpieczenstwa-i-obsluga-SOC-24-7.bpmn;3_Wspierajacy_W/W4_IT-cyfryzacja-cyberbezpieczenstwo/W4.13__Monitorowanie-bezpieczenstwa-i-obsluga-SOC-24-7.png;3_Wspierajacy_W/W4_IT-cyfryzacja-cyberbezpieczenstwo/W4.13__Monitorowanie-bezpieczenstwa-i-obsluga-SOC-24-7.pdf
W4.14;Zarządzanie podatnościami i testy bezpieczeństwa;Wspierający;W4. IT / cyfryzacja / cyberbezp.;Administratorzy IT / Pełnomocnik ds. SZBI;ABS / DI.DI;DI.DI;AI-48, AI-51;AW-S18, AW-S16;Nie;3_Wspierajacy_W/W4_IT-cyfryzacja-cyberbezpieczenstwo/W4.14__Zarzadzanie-podatnosciami-i-testy-bezpieczenstwa.bpmn;3_Wspierajacy_W/W4_IT-cyfryzacja-cyberbezpieczenstwo/W4.14__Zarzadzanie-podatnosciami-i-testy-bezpieczenstwa.png;3_Wspierajacy_W/W4_IT-cyfryzacja-cyberbezpieczenstwo/W4.14__Zarzadzanie-podatnosciami-i-testy-bezpieczenstwa.pdf
W4.15;Monitorowanie środowiska IT i HIS;Wspierający;W4. IT / cyfryzacja / cyberbezp.;Administratorzy IT;DI.DI;DI.DI;AI-51;AW-S16, AW-H01, AW-H06;Nie;3_Wspierajacy_W/W4_IT-cyfryzacja-cyberbezpieczenstwo/W4.15__Monitorowanie-srodowiska-IT-i-HIS.bpmn;3_Wspierajacy_W/W4_IT-cyfryzacja-cyberbezpieczenstwo/W4.15__Monitorowanie-srodowiska-IT-i-HIS.png;3_Wspierajacy_W/W4_IT-cyfryzacja-cyberbezpieczenstwo/W4.15__Monitorowanie-srodowiska-IT-i-HIS.pdf
G8.06;Digitalizacja dokumentacji medycznej (skan -> EDM -> P1);Główny;G8. Dokumentacja medyczna i archiwum;Sekcja Dokumentacji Medycznej / Administratorzy IT;SDM / DI.DI;DM.SDM, DI.DI;AI-05, AI-57, AI-58, AI-61;AW-S09, AW-S05, AW-S08, AW-H07, AW-S21;Tak;2_Glowny_G/G8_Dokumentacja-medyczna-i-archiwum/G8.06__Digitalizacja-dokumentacji-medycznej-skan-EDM-P1.bpmn;2_Glowny_G/G8_Dokumentacja-medyczna-i-archiwum/G8.06__Digitalizacja-dokumentacji-medycznej-skan-EDM-P1.png;2_Glowny_G/G8_Dokumentacja-medyczna-i-archiwum/G8.06__Digitalizacja-dokumentacji-medycznej-skan-EDM-P1.pdf
Z2.09;Nadzór nad systemami AI (ISO/IEC 42001);Zarządczy;Z2. Systemy zgodności (ZSZ, SZBI, Akredytacja);Pełnomocnik ds. ZSZ / Administratorzy IT / Zarząd;Pełnomocnik ds. ZSZ / PBI;PZSZ, DI.DI;AI-60, AI-53, AI-54;AW-S10, AW-H06;Tak;1_Zarzadczy_Z/Z2_Systemy-zgodnosci-ZSZ-SZBI-Akredytacja/Z2.09__Nadzor-nad-systemami-AI-ISO-IEC-42001.bpmn;1_Zarzadczy_Z/Z2_Systemy-zgodnosci-ZSZ-SZBI-Akredytacja/Z2.09__Nadzor-nad-systemami-AI-ISO-IEC-42001.png;1_Zarzadczy_Z/Z2_Systemy-zgodnosci-ZSZ-SZBI-Akredytacja/Z2.09__Nadzor-nad-systemami-AI-ISO-IEC-42001.pdf
