Kod;Proces;Warstwa;Charakter;Grupa procesowa;[znane] Wlasciciel (tor);[znane] Komorka org. (basen);[znane] Aktywa AI;[znane] Systemy;[znane] RODO dane osobowe;[znane] RODO dane medyczne;[znane] Ref. model L3;Zdarzenie_startowe;Typ_startu (message/timer/signal/none);Kroki (1|2|3...);Role_per_krok (1|2|3...);Bramki_decyzje (po kroku N: pytanie -> tak:.. / nie:..);Wyjatki;Zdarzenia_koncowe (1|2..);Aktywa_per_krok (krok:AI-xx);Komunikaty_miedzyprocesowe;Znaczenie 1-5;Kondycja 1-5;Wykonalnosc 1-5;Uwagi
Z1.01;Stanowienie strategicznych decyzji właścicielskich;Zarządczy;Niemedyczny;Z1. Nadzór korporacyjny i strategia;ZW;Zgromadzenie Wspólników;;;Nie;Nie;;;;;;;;;;;;;;
Z1.02;Zatwierdzanie sprawozdań finansowych i podziału wyniku;Zarządczy;Niemedyczny;Z1. Nadzór korporacyjny i strategia;ZW;Zgromadzenie Wspólników;;;Nie;Nie;;;;;;;;;;;;;;
Z1.03;Powoływanie i odwoływanie członków Rady Nadzorczej;Zarządczy;Niemedyczny;Z1. Nadzór korporacyjny i strategia;ZW;Zgromadzenie Wspólników;;;Nie;Nie;;;;;;;;;;;;;;
Z1.04;Nadzór nad działalnością Spółki;Zarządczy;Niemedyczny;Z1. Nadzór korporacyjny i strategia;RN;Rada Nadzorcza;;;Nie;Nie;;;;;;;;;;;;;;
Z1.05;Powoływanie i odwoływanie członków Zarządu;Zarządczy;Niemedyczny;Z1. Nadzór korporacyjny i strategia;RN;Rada Nadzorcza;;;Nie;Nie;;;;;;;;;;;;;;
Z1.06;Opiniowanie sprawozdań i kluczowych decyzji strategicznych;Zarządczy;Niemedyczny;Z1. Nadzór korporacyjny i strategia;RN;Rada Nadzorcza;;;Nie;Nie;;;;;;;;;;;;;;
Z1.07;Zarządzanie strategiczne i operacyjne Spółką;Zarządczy;Niemedyczny;Z1. Nadzór korporacyjny i strategia;Zarząd;Z;;;Nie;Nie;;;;;;;;;;;;;;
Z1.08;Planowanie strategiczne (strategia, plan rzeczowo-finansowy);Zarządczy;Niemedyczny;Z1. Nadzór korporacyjny i strategia;Zarząd;Z;;;Nie;Nie;;;;;;;;;;;;;;
Z1.09;Reprezentacja Spółki na zewnątrz;Zarządczy;Niemedyczny;Z1. Nadzór korporacyjny i strategia;Zarząd;Z;;;Nie;Nie;;;;;;;;;;;;;;
Z1.10;Sprawozdawczość korporacyjna (KRS, BIP);Zarządczy;Niemedyczny;Z1. Nadzór korporacyjny i strategia;Zarząd / K.DOP;Z, K.DOP;;;Nie;Nie;;;;;;;;;;;;;;
Z1.11;Kontrola zarządcza (cele, ryzyka, mechanizmy kontrolne, oświadczenie roczne - ustawa o finansach publicznych);Zarządczy;Niemedyczny;Z1. Nadzór korporacyjny i strategia;Zarząd / Dyrektorzy pionów;Z, DFK;;;Nie;Nie;;;;;;;;;;;;;;
Z2.01;Utrzymanie Zintegrowanego Systemu Zarządzania (ISO 9001/14001);Zarządczy;Niemedyczny;Z2. Systemy zgodności (ZSZ, SZBI, Akredytacja);PZSZ;PZSZ;;;Nie;Nie;;;;;;;;;;;;;;
Z2.02;Planowanie i prowadzenie audytów wewnętrznych ZSZ;Zarządczy;Niemedyczny;Z2. Systemy zgodności (ZSZ, SZBI, Akredytacja);PZSZ;PZSZ;;;Nie;Nie;;;;;;;;;;;;;;
Z2.03;Przeglądy zarządzania ZSZ;Zarządczy;Niemedyczny;Z2. Systemy zgodności (ZSZ, SZBI, Akredytacja);PZSZ / Zarząd;PZSZ, Z;;;Nie;Nie;;;;;;;;;;;;;;
Z2.04;Przygotowanie i utrzymanie akredytacji CMJ;Zarządczy;Medyczny;Z2. Systemy zgodności (ZSZ, SZBI, Akredytacja);PA;PA;;;Tak;Tak;;;;;;;;;;;;;;
Z2.05;Wdrażanie standardów akredytacyjnych w komórkach klinicznych;Zarządczy;Medyczny;Z2. Systemy zgodności (ZSZ, SZBI, Akredytacja);PA / DM;PA, DM;;;Tak;Tak;;;;;;;;;;;;;;
Z2.06;Zarządzanie SZBI (ISO 27001);Zarządczy;Niemedyczny;Z2. Systemy zgodności (ZSZ, SZBI, Akredytacja);PBI;PBI;;;Tak;Nie;;;;;;;;;;;;;;
Z2.07;Audyty wewnętrzne SZBI;Zarządczy;Niemedyczny;Z2. Systemy zgodności (ZSZ, SZBI, Akredytacja);PBI;PBI;;;Tak;Nie;;;;;;;;;;;;;;
Z2.08;Autoryzacja NFZ (wewnętrzny system zarządzania jakością - ustawa o jakości w opiece zdrowotnej);Zarządczy;Medyczny;Z2. Systemy zgodności;Pełnomocnik ds. Jakości / DM;PZSZ, DM;;;Tak;Tak;;;;;;;;;;;;;;
Z3.01;Identyfikacja i ocena ryzyk operacyjnych i strategicznych;Zarządczy;Niemedyczny;Z3. Zarządzanie ryzykiem i ciągłością działania;Zarząd / PZSZ;Z, PZSZ;;;Nie;Nie;;;;;;;;;;;;;;
Z3.02;Analiza ryzyk bezpieczeństwa informacji (SZBI);Zarządczy;Niemedyczny;Z3. Zarządzanie ryzykiem i ciągłością działania;PBI;PBI;;;Tak;Nie;;;;;;;;;;;;;;
Z3.03;Plan Ciągłości Działania (BCP) i Plan Odtwarzania (DRP);Zarządczy;Niemedyczny;Z3. Zarządzanie ryzykiem i ciągłością działania;PBI / DI.DI / OBR;PBI, DI.DI, OBR;;;Nie;Nie;;;;;;;;;;;;;;
Z3.04;Zarządzanie incydentami i kryzysami (operacyjnie);Zarządczy;Niemedyczny;Z3. Zarządzanie ryzykiem i ciągłością działania;Zarząd / OBR;Z, OBR;;;Tak;Nie;15_INCYDENT;;;;;;;;;;;;;
Z3.05;Bezpieczeństwo pacjenta - rejestr zdarzeń niepożądanych i system no-fault (ustawa o jakości w opiece zdrowotnej);Zarządczy;Medyczny;Z3. Zarządzanie ryzykiem i ciągłością działania;Pełnomocnik ds. Jakości / Zespół ds. bezpieczeństwa pacjenta;PZSZ, PA, DM;;;Tak;Tak;;;;;;;;;;;;;;
Z4.01;Nadzór nad przetwarzaniem danych osobowych (RODO);Zarządczy;Niemedyczny;Z4. Zgodność regulacyjna;IOD;IOD;;;Tak;Tak;;;;;;;;;;;;;;
Z4.02;Realizacja praw osób, których dane dotyczą;Zarządczy;Niemedyczny;Z4. Zgodność regulacyjna;IOD / DM.SDM;IOD, DM.SDM;;;Tak;Tak;;;;;;;;;;;;;;
Z4.03;Ocena skutków dla ochrony danych (DPIA);Zarządczy;Niemedyczny;Z4. Zgodność regulacyjna;IOD;IOD;;;Tak;Tak;;;;;;;;;;;;;;
Z4.04;Obsługa naruszeń ochrony danych (notyfikacja UODO);Zarządczy;Niemedyczny;Z4. Zgodność regulacyjna;IOD;IOD;;;Tak;Tak;;;;;;;;;;;;;;
Z4.05;Zarządzanie zgodnością KSC (operator usługi kluczowej);Zarządczy;Niemedyczny;Z4. Zgodność regulacyjna;PBI / DI.DI;PBI, DI.DI;;;Tak;Nie;;;;;;;;;;;;;;
Z4.06;Ochrona informacji niejawnych;Zarządczy;Niemedyczny;Z4. Zgodność regulacyjna;PIN;PIN;;;Tak;Nie;;;;;;;;;;;;;;
Z4.07;Zarządzanie prawami pacjenta i obsługa skarg;Zarządczy;Medyczny;Z4. Zgodność regulacyjna;PPP;PPP;;;Tak;Tak;;;;;;;;;;;;;;
Z4.08;Zapewnianie dostępności osobom ze szczególnymi potrzebami;Zarządczy;Niemedyczny;Z4. Zgodność regulacyjna;PD;PD;;;Tak;Nie;;;;;;;;;;;;;;
Z4.09;Doradztwo prawne i reprezentacja w postępowaniach;Zarządczy;Niemedyczny;Z4. Zgodność regulacyjna;RP;RP;;;Tak;Nie;;;;;;;;;;;;;;
Z4.10;Obsługa zdarzeń medycznych i Funduszu Kompensacyjnego (FKZM) - współpraca z RPP, rejestr zaleceń i wdrożeń;Zarządczy;Medyczny;Z4. Zgodność regulacyjna;Pełnomocnik ds. Praw Pacjenta / Radca prawny / DM;RP, DM;;;Tak;Tak;;;;;;;;;;;;;;
Z5.01;Opracowywanie i nadzór nad regulaminem organizacyjnym;Zarządczy;Niemedyczny;Z5. Polityki, regulaminy i zarządzanie zmianą;Zarząd / K.DOP;Z, K.DOP;;;Nie;Nie;;;;;;;;;;;;;;
Z5.02;Opracowywanie i nadzór nad zarządzeniami i procedurami wewnętrznymi;Zarządczy;Niemedyczny;Z5. Polityki, regulaminy i zarządzanie zmianą;K.DOP / PZSZ;K.DOP, PZSZ;;;Nie;Nie;;;;;;;;;;;;;;
Z5.03;Zarządzanie zmianą organizacyjną (struktura, etaty, lokalizacje);Zarządczy;Niemedyczny;Z5. Polityki, regulaminy i zarządzanie zmianą;Zarząd;Z;;;Nie;Nie;;;;;;;;;;;;;;
Z5.04;Zarządzanie wiedzą organizacyjną i wnioski z doświadczeń (baza wiedzy, przekazywanie kompetencji, nauka z incydentów);Zarządczy;Niemedyczny;Z5. Polityki, regulaminy i zarządzanie zmianą organizacyjną;Pełnomocnik ds. Jakości / DI (Dział Informatyki);PZSZ, DI;;;Nie;Nie;;;;;;;;;;;;;;
Z6.01;Negocjacje i zawieranie umów z NFZ;Zarządczy;Niemedyczny;Z6. Kontrakt NFZ i relacje zewnętrzne;Zarząd / DM.DRZ;Z, DM.DRZ;;;Nie;Nie;;;;;;;;;;;;;;
Z6.02;Współpraca z organami nadzoru (NFZ, MZ, Wojewoda, PIP, UODO, PSSE);Zarządczy;Niemedyczny;Z6. Kontrakt NFZ i relacje zewnętrzne;Zarząd;Z;;;Tak;Nie;;;;;;;;;;;;;;
Z6.03;Komunikacja korporacyjna i relacje z mediami;Zarządczy;Niemedyczny;Z6. Kontrakt NFZ i relacje zewnętrzne;Zarząd;Z;;;Nie;Nie;;;;;;;;;;;;;;
G1.01;Przyjęcie pacjenta w trybie nagłym;Główny;Medyczny;G1. Wejście pacjenta - Izba Przyjęć;Lekarz / Pielęgniarka IP;JO.SZ_KUP.IP (4900);AI-21, AI-08, AI-06, AI-22, AI-01;AW-S01 (Ruch Chorych, Izba Przyjęć) + eWUŚ;Tak;Tak;;;;;;;;;;;;;;
G1.02;Triaż medyczny;Główny;Medyczny;G1. Wejście pacjenta - Izba Przyjęć;Pielęgniarka triażu;JO.SZ_KUP.IP (4900);AI-01, AI-04, AI-21;AW-S01 (Izba Przyjęć);Tak;Tak;;;;;;;;;;;;;;
G1.03;Kwalifikacja do hospitalizacji;Główny;Medyczny;G1. Wejście pacjenta - Izba Przyjęć;Lekarz IP;JO.SZ_KUP.IP (4900);AI-01, AI-15;AW-S01 (Ruch Chorych);Tak;Tak;;;;;;;;;;;;;;
G1.04;Przekazanie pacjenta do innego podmiotu;Główny;Medyczny;G1. Wejście pacjenta - Izba Przyjęć;Lekarz IP;JO.SZ_KUP.IP (4900);AI-05, AI-06;AW-S01 + AW-S05 (P1);Tak;Tak;;;;;;;;;;;;;;
G1.05;Rejestracja przyjęć planowych do rehabilitacji;Główny;Medyczny;G1. Wejście pacjenta - Punkt Przyjęć Planowych;Koordynator PPP;JO.SZ_POK.PPP;AI-06, AI-18, AI-21;AW-S01 (Rejestracja, Kolejki);Tak;Tak;12_PLANOWE_PRZYJECIE;;;;;;;;;;;;;
G1.06;Kwalifikacja do programu rehabilitacji;Główny;Medyczny;G1. Wejście pacjenta - Punkt Przyjęć Planowych;Lekarz rehabilitacji;JO.SZ_POK.PPP / 4300;AI-01, AI-16;AW-S01 (Rehabilitacja);Tak;Tak;12_PLANOWE_PRZYJECIE;;;;;;;;;;;;;
G1.07;Prowadzenie listy oczekujących (AOTMiT/NFZ);Główny;Medyczny;G1. Wejście pacjenta - Punkt Przyjęć Planowych;Koordynator PPP / DM.DRZ;JO.SZ_POK.PPP / DM.DRZ;AI-18;AW-S01 (Kolejki);Tak;Tak;;;;;;;;;;;;;;
G1.08;Rejestracja pacjenta (osobista/telefoniczna/e-rejestracja);Główny;Medyczny;G1. Wejście pacjenta - Ambulatorium / POZ;Rejestratorka;Poradnie KUP/POK/CHR;AI-11, AI-21, AI-22, AI-06, AI-55, AI-56;AW-S01 (Przychodnia) + eWUŚ, AW-S10, AW-S13;Tak;Tak;;;;;;;;;;;;;;
G1.09;Przyjęcie pacjenta POZ (deklaracja, weryfikacja w eWUŚ);Główny;Medyczny;G1. Wejście pacjenta - Ambulatorium / POZ;Lekarz / Pielęgniarka POZ;JO.POR_CHR (0010);AI-11, AI-21;AW-S01 (Przychodnia);Tak;Tak;;;;;;;;;;;;;;
G2.01;Wykonanie badania obrazowego (warianty: RTG, TK, USG/UKG);Główny;Medyczny;G2. Diagnostyka obrazowa;Technik / Lekarz radiolog;JO.POR_KUP.7240;AI-06, AI-13, AI-10, AI-54;AW-S03 (RIS/PACS) + AW-S01 (Zlecenia), AW-S11;Tak;Tak;;;;;;;;;;;;;;
G2.02;Wykonanie badania czynnościowego (warianty: układ krążenia [EKG, próby wysiłkowe, Holter], układ oddechowy [spirometria, bodypletyzmografia], polisomnografia, pH-metria);Główny;Medyczny;G2. Diagnostyka funkcjonalna;Pielęgniarka / Lekarz;JO.POR_KUP.7998_KRAZ;AI-14, AI-10;AW-S01 (Zlecenia/Pracownia);Tak;Tak;;;;;;;;;;;;;;
G2.03;"Wykonanie badania endoskopowego (warianty: górny odcinek GI [gastroskopia], dolny odcinek GI [kolonoskopia], bronchoskopia; sedacja/nadzór anestezjologiczny jako etap)";Główny;Medyczny;G2. Diagnostyka endoskopowa;Lekarz endoskopista / Pielęgniarka;JO.POR_KUP.7910_G;AI-14, AI-15, AI-10;AW-S01 (Zlecenia/Pracownia);Tak;Tak;;;;;;;;;;;;;;
G2.04;Zlecanie i odbiór wyników badań laboratoryjnych;Główny;Medyczny;G2. Diagnostyka laboratoryjna;Lekarz prowadzący / Pielęgniarka;Oddziały, Poradnie / JO.POR_KUP.7100;AI-06, AI-12;AW-S04 (LIS zewn.) + AW-S01 (Zlecenia);Tak;Tak;;;;;;;;;;;;;;
G2.05;Zarządzanie umową z laboratorium zewnętrznym;Główny;Medyczny;G2. Diagnostyka laboratoryjna;DZP / DM;DZP, DM;AI-38 / AW-O01;AW-S02 (ERP);Tak;Nie;;;;;;;;;;;;;;
G2.06;Kontrola jakości i kalibracja sprzętu diagnostycznego;Główny;Medyczny;G2. Diagnostyka - jakość i bezpieczeństwo;Inspektor Ochrony Radiologicznej / DI.DT;Pracownie, DI.DT;AI-45, AI-44;- (ewidencja sprzętu);Nie;Nie;;;;;;;;;;;;;;
G3.01;Proces diagnostyczno-terapeutyczny pacjenta hospitalizowanego;Główny;Medyczny;G3. Leczenie szpitalne - Oddział Chorób Wewnętrznych;Lekarz prowadzący;JO.SZ_KUP.4000;AI-01, AI-02, AI-07, AI-12, AI-13, AI-15;AW-S01 (Ruch Chorych, Zlecenia, Apteczka, ZDM) + P1;Tak;Tak;;;;;;;;;;;;;;
G3.02;Kompleksowa Ocena Geriatryczna (CGA);Główny;Medyczny;G3. Leczenie szpitalne - Oddział Kliniczny Geriatrii;Lekarz geriatra / Zespół;JO.SZ_KUP.4060;AI-01, AI-02, AI-12;AW-S01 (Ruch Chorych, Zlecenia, ZDM);Tak;Tak;;;;;;;;;;;;;;
G3.03;Proces diagnostyczno-terapeutyczny w geriatrii;Główny;Medyczny;G3. Leczenie szpitalne - Oddział Kliniczny Geriatrii;Zespół geriatryczny;JO.SZ_KUP.4060;AI-01, AI-02, AI-07, AI-12;AW-S01 (Ruch Chorych, Zlecenia, Apteczka) + P1;Tak;Tak;;;;;;;;;;;;;;
G3.04;Proces diagnostyczno-terapeutyczny w pulmonologii;Główny;Medyczny;G3. Leczenie szpitalne - Oddział Chorób Płuc;Lekarz pulmonolog;JO.SZ_KUP.4272;AI-01, AI-02, AI-07, AI-14;AW-S01 (Ruch Chorych, Zlecenia, Apteczka) + P1;Tak;Tak;;;;;;;;;;;;;;
G3.05;Proces diagnostyczno-terapeutyczny w pulmonologii dziecięcej;Główny;Medyczny;G3. Leczenie szpitalne - Oddział Chorób Płuc dla Dzieci;Lekarz pediatra/pulmonolog;JO.SZ_KUP.4273;AI-01, AI-02, AI-07, AI-14;AW-S01 (Ruch Chorych, Zlecenia, Apteczka) + P1;Tak;Tak;;;;;;;;;;;;;;
G3.06;Proces diagnostyczno-terapeutyczny w reumatologii;Główny;Medyczny;G3. Leczenie szpitalne - Oddział Kliniczny Reumatologii;Lekarz reumatolog;JO.SZ_KUP.4280;AI-01, AI-02, AI-07, AI-12;AW-S01 (Ruch Chorych, Zlecenia, Apteczka) + P1;Tak;Tak;;;;;;;;;;;;;;
G3.07;Plan rehabilitacji indywidualnej (PRI) - oddział;Główny;Medyczny;G3. Leczenie szpitalne - Oddział Rehabilitacyjny (KUP);Lekarz rehabilitacji / Fizjoterapeuta;JO.SZ_KUP.4300;AI-16, AI-01;AW-S01 (Rehabilitacja, ZDM);Tak;Tak;;;;;;;;;;;;;;
G3.08;Plan rehabilitacji indywidualnej (PRI) - oddział kliniczny;Główny;Medyczny;G3. Leczenie szpitalne - Oddział Kliniczny Rehabilitacji (POK);Lekarz rehabilitacji / Fizjoterapeuta;JO.SZ_POK.4300;AI-16, AI-01;AW-S01 (Rehabilitacja, ZDM);Tak;Tak;;;;;;;;;;;;;;
G3.09;Konsultacja specjalistyczna (między-oddziałowa, zewnętrzna);Główny;Medyczny;G3. Leczenie szpitalne - wspólne;Lekarz konsultujący;Oddziały;AI-01;AW-S01 (Ruch Chorych);Tak;Tak;;;;;;;;;;;;;;
G3.10;Przekazanie pacjenta między oddziałami / do innego podmiotu;Główny;Medyczny;G3. Leczenie szpitalne - wspólne;Lekarz prowadzący;Oddziały;AI-01, AI-05, AI-09;AW-S01 (Ruch Chorych);Tak;Tak;;;;;;;;;;;;;;
G3.11;Postępowanie ze zgonem pacjenta;Główny;Medyczny;G3. Leczenie szpitalne - wspólne;Lekarz / Pielęgniarka;Oddziały, IP;AI-20, AI-01;AW-S01 (Ruch Chorych);Tak;Tak;;;;;;;;;;;;;;
G3.12;Zarządzanie zgodami pacjenta (świadoma zgoda, RODO, pełnomocnictwa, sprzeciwy);Główny;Medyczny;G3. Leczenie szpitalne - wspólne;Lekarz prowadzący / SDM;Oddziały, Poradnie;AI-15;AW-S01 (ZDM);Tak;Tak;;;;;;;;;;;;;;
G3.13;Wizyta lekarska w poradni specjalistycznej;Główny;Medyczny;G3. Leczenie ambulatoryjne;Lekarz specjalista;JO.POR_KUP.PSP (1100/1272/1273/1280/1300);AI-11, AI-01, AI-06, AI-07;AW-S01 (Przychodnia/Gabinet) + P1;Tak;Tak;;;;;;;;;;;;;;
G3.14;Świadczenia w gabinecie diagnostyczno-zabiegowym;Główny;Medyczny;G3. Leczenie ambulatoryjne;Lekarz / Pielęgniarka zabiegowa;9450 (KUP/POK/CHR);AI-11, AI-01;AW-S01 (Przychodnia/Gabinet);Tak;Tak;;;;;;;;;;;;;;
G3.15;Wystawianie e-recept, e-skierowań, e-ZLA, zaświadczeń;Główny;Medyczny;G3. Leczenie ambulatoryjne;Lekarz;Poradnie, Oddziały;AI-07, AI-06;AW-S05 (P1);Tak;Tak;;;;;;;;;;;;;;
G3.16;Wizyta lekarska POZ (ogólna/dziecięca);Główny;Medyczny;G3. Leczenie ambulatoryjne - POZ;Lekarz POZ;JO.POR_CHR.0010 (O/D);AI-11, AI-07;AW-S01 (Przychodnia/Gabinet) + P1;Tak;Tak;;;;;;;;;;;;;;
G3.17;Świadczenia pielęgniarki POZ;Główny;Medyczny;G3. Leczenie ambulatoryjne - POZ;Pielęgniarka POZ;JO.POR_CHR.0032;AI-03, AI-11;AW-S01 (Przychodnia);Tak;Tak;;;;;;;;;;;;;;
G3.18;Medycyna szkolna - profilaktyka i opieka;Główny;Medyczny;G3. Leczenie ambulatoryjne - POZ;Pielęgniarka medycyny szkolnej;JO.POR_CHR.0040;AI-11;AW-S01 (Przychodnia);Tak;Tak;;;;;;;;;;;;;;
G3.19;Bilanse zdrowia i szczepienia ochronne;Główny;Medyczny;G3. Leczenie ambulatoryjne - POZ;Lekarz POZ / Pielęgniarka;JO.POR_CHR.0010;AI-11, AI-07;AW-S01 (Przychodnia) + P1;Tak;Tak;;;;;;;;;;;;;;
G3.20;Kwalifikacja i prowadzenie rehabilitacji w ośrodku dziennym;Główny;Medyczny;G3. Rehabilitacja dzienna;Lekarz / Fizjoterapeuta;JO.POR_KUP.ORD, JO.POR_POK;AI-16, AI-11;AW-S01 (Rehabilitacja);Tak;Tak;;;;;;;;;;;;;;
G3.21;Dzienna opieka geriatryczna;Główny;Medyczny;G3. Rehabilitacja dzienna;Zespół geriatryczny;JO.POR_KUP.2200;AI-16, AI-11;AW-S01 (Rehabilitacja);Tak;Tak;;;;;;;;;;;;;;
G3.22;Realizacja zabiegu rehabilitacji ambulatoryjnej/domowej (warianty: fizykoterapia, kinezyterapia, hydroterapia, krioterapia, masaż leczniczy, balneoterapia, rehabilitacja domowa);Główny;Medyczny;G3. Rehabilitacja ambulatoryjna i domowa;Fizjoterapeuta;ZRL.1312 (KUP/POK);AI-16;AW-S01 (Rehabilitacja);Tak;Tak;;;;;;;;;;;;;;
G3.23;Kompleksowa diagnoza funkcjonalna i plan usprawniania;Główny;Medyczny;G3. Centrum Diagnozy i Usprawniania Pacjenta;Zespół interdyscyplinarny;JO.POR_KUP.9000;AI-16, AI-01;AW-S01 (Rehabilitacja);Tak;Tak;;;;;;;;;;;;;;
G4.01;Wypis pacjenta z oddziału (epikryza, karta wypisu);Główny;Medyczny;G4. Wypis / kontynuacja opieki;Lekarz prowadzący;Oddziały;AI-05, AI-01, AI-07;AW-S01 (Ruch Chorych, ZDM) + P1;Tak;Tak;;;;;;;;;;;;;;
G4.02;Edukacja pacjenta i opiekunów przy wypisie;Główny;Medyczny;G4. Wypis / kontynuacja opieki;Lekarz / Pielęgniarka / Dietetyk;Oddziały;AI-05;AW-S01 (ZDM);Tak;Tak;;;;;;;;;;;;;;
G4.03;Przekazanie pacjenta do opieki POZ / AOS / opieki długoterminowej;Główny;Medyczny;G4. Wypis / kontynuacja opieki;Lekarz prowadzący;Oddziały, Poradnie;AI-05, AI-06;AW-S01 (ZDM) + P1;Tak;Tak;;;;;;;;;;;;;;
G4.04;Wystawianie wniosków o turnusy/zaopatrzenie w wyroby medyczne;Główny;Medyczny;G4. Wypis / kontynuacja opieki;Lekarz;Poradnie, Oddziały;AI-05, AI-06;AW-S01 (ZDM);Tak;Tak;;;;;;;;;;;;;;
G5.01;Zaopatrzenie w produkty lecznicze i wyroby medyczne;Główny;Medyczny;G5. Apteka szpitalna i farmakoterapia;Kierownik Apteki;JO.SZ_KUP.APT (4922);;;Tak;Tak;;;;;;;;;;;;;;
G5.02;Prowadzenie receptariusza szpitalnego;Główny;Medyczny;G5. Apteka szpitalna i farmakoterapia;Komitet Terapeutyczny / Apteka;JO.SZ_KUP.APT (4922);;;Tak;Tak;;;;;;;;;;;;;;
G5.03;Wydawanie leków na oddziały (zamówienia oddziałowe);Główny;Medyczny;G5. Apteka szpitalna i farmakoterapia;Apteka;JO.SZ_KUP.APT (4922);;;Tak;Tak;;;;;;;;;;;;;;
G5.04;Sporządzanie leków recepturowych;Główny;Medyczny;G5. Apteka szpitalna i farmakoterapia;Farmaceuta;JO.SZ_KUP.APT (4922);;;Tak;Tak;;;;;;;;;;;;;;
G5.05;Obsługa środków odurzających i psychotropowych;Główny;Medyczny;G5. Apteka szpitalna i farmakoterapia;Apteka;JO.SZ_KUP.APT (4922);;;Tak;Tak;;;;;;;;;;;;;;
G5.06;Nadzór nad farmakoterapią (opieka farmaceutyczna);Główny;Medyczny;G5. Apteka szpitalna i farmakoterapia;Farmaceuta kliniczny;Oddziały;;;Tak;Tak;;;;;;;;;;;;;;
G5.07;Pharmacovigilance - zgłaszanie NDL;Główny;Medyczny;G5. Apteka szpitalna i farmakoterapia;Apteka / Lekarz;Apteka, Oddziały;;;Tak;Tak;;;;;;;;;;;;;;
G5.08;Dział Farmacji - zaopatrzenie szpitala rehab. w POK;Główny;Medyczny;G5. Apteka szpitalna i farmakoterapia;Kierownik Działu Farmacji;JO.SZ_POK.4924;;;Tak;Tak;;;;;;;;;;;;;;
G6.01;Proces pielęgnowania (rozpoznanie - planowanie - realizacja - ocena);Główny;Medyczny;G6. Pielęgniarstwo;Pielęgniarka;Oddziały, Poradnie;;;Tak;Tak;;;;;;;;;;;;;;
G6.02;Standardy opieki pielęgniarskiej i nadzór jakości;Główny;Medyczny;G6. Pielęgniarstwo;Przełożona Pielęgniarek;DM.PP;;;Tak;Tak;;;;;;;;;;;;;;
G6.03;Zarządzanie grafikami i normami obsady pielęgniarek;Główny;Medyczny;G6. Pielęgniarstwo;Przełożona Pielęgniarek / Oddziałowe;DM.PP, DM.PP.PO;;;Tak;Tak;;;;;;;;;;;;;;
G6.04;Doskonalenie zawodowe i specjalizacje pielęgniarskie;Główny;Medyczny;G6. Pielęgniarstwo;Przełożona Pielęgniarek;DM.PP;;;Tak;Tak;;;;;;;;;;;;;;
G6.05;Planowanie żywienia pacjentów i diety specjalistyczne;Główny;Medyczny;G6. Pielęgniarstwo - dietetyka;Dietetyk;DM.PP.D;;;Tak;Tak;;;;;;;;;;;;;;
G7.01;Nadzór nad zakażeniami szpitalnymi;Główny;Medyczny;G7. Higiena, epidemiologia, zakażenia;Pielęgniarka epidemiologiczna / Zespół Kontroli Zakażeń;DM.DHiE / JO.SZ_KUP.DHiE (9200);;;Tak;Tak;;;;;;;;;;;;;;
G7.02;Rejestr drobnoustrojów alarmowych - monitorowanie;Główny;Medyczny;G7. Higiena, epidemiologia, zakażenia;Pielęgniarka epidemiologiczna;JO.SZ_KUP.DHiE (9200);;;Tak;Tak;;;;;;;;;;;;;;
G7.03;Polityka antybiotykowa (stewardship);Główny;Medyczny;G7. Higiena, epidemiologia, zakażenia;Komitet Antybiotykowy / Lekarz;DM.DHiE;;;Tak;Tak;;;;;;;;;;;;;;
G7.04;Dezynfekcja, sterylizacja, dekontaminacja;Główny;Medyczny;G7. Higiena, epidemiologia, zakażenia;Pielęgniarki / DT;DM.DHiE, DI.DT;;;Tak;Tak;;;;;;;;;;;;;;
G7.05;Postępowanie z odpadami medycznymi;Główny;Medyczny;G7. Higiena, epidemiologia, zakażenia;DI.DT / DM.DHiE;DI.DT, DM.DHiE;;;Tak;Tak;;;;;;;;;;;;;;
G7.06;Monitorowanie i promocja higieny rąk;Główny;Medyczny;G7. Higiena, epidemiologia, zakażenia;Pielęgniarka epidemiologiczna;DM.DHiE;;;Tak;Tak;;;;;;;;;;;;;;
G7.07;Postępowanie antyepidemiczne (ekspozycje zawodowe, epidemie);Główny;Medyczny;G7. Higiena, epidemiologia, zakażenia;Pielęgniarka epid. / DM.DHiE;DM.DHiE;;;Tak;Tak;;;;;;;;;;;;;;
G7.08;Szkolenia personelu w zakresie zakażeń;Główny;Medyczny;G7. Higiena, epidemiologia, zakażenia;DM.DHiE;DM.DHiE;;;Tak;Tak;;;;;;;;;;;;;;
G8.01;Prowadzenie dokumentacji medycznej (papierowej i EDM);Główny;Medyczny;G8. Dokumentacja medyczna i archiwum;Personel medyczny;Wszystkie komórki medyczne;AI-05, AI-53, AI-57, AI-61;AW-S01, AW-S05, AW-S10, AW-S21;Tak;Tak;;;;;;;;;;;;;;
G8.02;Udostępnianie dokumentacji medycznej (pacjent, organy, podmioty);Główny;Medyczny;G8. Dokumentacja medyczna i archiwum;SDM;DM.SDM;AI-05, AI-57;AW-S09, AW-S05;Tak;Tak;11_UDOSTEPNIENIE_DM;;;;;;;;;;;;;
G8.03;Archiwizacja i przechowywanie dokumentacji medycznej;Główny;Medyczny;G8. Dokumentacja medyczna i archiwum;SDM;DM.SDM;AI-05;AW-S09;Tak;Tak;;;;;;;;;;;;;;
G8.04;Brakowanie/niszczenie dokumentacji po okresie przechowywania;Główny;Medyczny;G8. Dokumentacja medyczna i archiwum;SDM;DM.SDM;AI-05;AW-S09;Tak;Tak;;;;;;;;;;;;;;
G8.05;Integracja z platformą P1 (EDM, IKP);Główny;Medyczny;G8. Dokumentacja medyczna i archiwum;DI.DI / SDM;DI.DI, DM.SDM;AI-05, AI-06, AI-07;AW-S05, AW-S08, AW-S09;Tak;Tak;09_INTAKE_HIS (część);;;;;;;;;;;;;
G9.01;Sprawozdawczość bieżąca do NFZ (komunikaty SWIAD, KOLEJKI);Główny;Niemedyczny;G9. Rozliczenia świadczeń (NFZ) i statystyka;DRZ;DM.DRZ;;;Tak;Tak;;;;;;;;;;;;;;
G9.02;Rozliczanie świadczeń (JGP, ryczałt PSZ, AOS);Główny;Niemedyczny;G9. Rozliczenia świadczeń (NFZ) i statystyka;DRZ;DM.DRZ;;;Tak;Tak;13_ROZLICZENIE_SWIADCZEN;;;;;;;;;;;;;
G9.03;Sprawozdawczość statystyczna (MZ-29, MZ-11, GUS);Główny;Niemedyczny;G9. Rozliczenia świadczeń (NFZ) i statystyka;DRZ;DM.DRZ;;;Nie;Nie;;;;;;;;;;;;;;
G9.04;Obsługa kontroli NFZ;Główny;Niemedyczny;G9. Rozliczenia świadczeń (NFZ) i statystyka;DRZ / Zarząd;DM.DRZ, Z;;;Tak;Tak;;;;;;;;;;;;;;
G9.05;Wystawianie faktur za świadczenia komercyjne;Główny;Niemedyczny;G9. Rozliczenia świadczeń (NFZ) i statystyka;DRZ / DFK;DM.DRZ, K.DFK;;;Tak;Nie;;;;;;;;;;;;;;
G10.01;Transport sanitarny pacjentów (planowy i pilny);Główny;Medyczny;G10. Transport medyczny;Zespół Transportu Med.;JO.POR_KUP.9250;;;Tak;Tak;;;;;;;;;;;;;;
G10.02;Transport materiału biologicznego do laboratorium;Główny;Medyczny;G10. Transport medyczny;Zespół Transportu Med.;JO.POR_KUP.9250;;;Tak;Tak;;;;;;;;;;;;;;
G10.03;Utrzymanie pojazdów transportu medycznego;Główny;Medyczny;G10. Transport medyczny;Zespół Transportu Med. / DI.DT;JO.POR_KUP.9250, DI.DT;;;Nie;Nie;;;;;;;;;;;;;;
W1.01;Polityka rachunkowości i prowadzenie ksiąg rachunkowych;Wspierający;Niemedyczny;W1. Finanse i rachunkowość;Główny Księgowy;K / K.DFK;;;Tak;Nie;;;;;;;;;;;;;;
W1.02;Budżetowanie i planowanie finansowe (plan rzeczowo-finansowy);Wspierający;Niemedyczny;W1. Finanse i rachunkowość;Główny Księgowy / Zarząd;K, Z;;;Tak;Nie;;;;;;;;;;;;;;
W1.03;Księgowanie przychodów NFZ i komercyjnych;Wspierający;Niemedyczny;W1. Finanse i rachunkowość;DFK;K.DFK;;;Tak;Nie;;;;;;;;;;;;;;
W1.04;Zarządzanie należnościami i windykacja;Wspierający;Niemedyczny;W1. Finanse i rachunkowość;DFK;K.DFK;;;Tak;Nie;;;;;;;;;;;;;;
W1.05;Zarządzanie zobowiązaniami i płatnościami;Wspierający;Niemedyczny;W1. Finanse i rachunkowość;DFK;K.DFK;;;Tak;Nie;10_FAKTURA_3WAY;;;;;;;;;;;;;
W1.06;Rachunek kosztów świadczeń (sprawozdawczość AOTMiT);Wspierający;Niemedyczny;W1. Finanse i rachunkowość;DFK / DRZ;K.DFK, DM.DRZ;;;Tak;Nie;;;;;;;;;;;;;;
W1.07;Sprawozdania finansowe i podatkowe (US, JPK, GUS);Wspierający;Niemedyczny;W1. Finanse i rachunkowość;Główny Księgowy / DFK;K, K.DFK;;;Tak;Nie;;;;;;;;;;;;;;
W1.08;Inwentaryzacja;Wspierający;Niemedyczny;W1. Finanse i rachunkowość;DFK;K.DFK;;;Tak;Nie;;;;;;;;;;;;;;
W1.09;Środki trwałe i wartości niematerialne (ewidencja, amortyzacja);Wspierający;Niemedyczny;W1. Finanse i rachunkowość;DFK;K.DFK;;;Tak;Nie;;;;;;;;;;;;;;
W1.10;Obsługa kasy / gotówki;Wspierający;Niemedyczny;W1. Finanse i rachunkowość;DFK;K.DFK;;;Tak;Nie;;;;;;;;;;;;;;
W2.01;Planowanie zatrudnienia i etatów;Wspierający;Niemedyczny;W2. HR / Kadry-Płace;DPP / Zarząd;K.DPP, Z;;;Tak;Nie;;;;;;;;;;;;;;
W2.02;Rekrutacja i selekcja;Wspierający;Niemedyczny;W2. HR / Kadry-Płace;DPP;K.DPP;;;Tak;Nie;;;;;;;;;;;;;;
W2.03;Zatrudnianie - umowy o pracę i kontrakty cywilnoprawne;Wspierający;Niemedyczny;W2. HR / Kadry-Płace;DPP;K.DPP;;;Tak;Nie;;;;;;;;;;;;;;
W2.04;Wdrożenie i adaptacja nowego pracownika;Wspierający;Niemedyczny;W2. HR / Kadry-Płace;DPP / kierownicy komórek;K.DPP;;;Tak;Nie;01_ONBOARDING;;;;;;;;;;;;;
W2.05;Naliczanie i wypłata wynagrodzeń (płace, ZUS, PIT);Wspierający;Niemedyczny;W2. HR / Kadry-Płace;DPP;K.DPP;;;Tak;Nie;;;;;;;;;;;;;;
W2.06;Ewidencja czasu pracy i grafiki;Wspierający;Niemedyczny;W2. HR / Kadry-Płace;DPP / kierownicy komórek;K.DPP;;;Tak;Nie;;;;;;;;;;;;;;
W2.07;Urlopy i nieobecności;Wspierający;Niemedyczny;W2. HR / Kadry-Płace;DPP;K.DPP;;;Tak;Nie;;;;;;;;;;;;;;
W2.08;Świadczenia socjalne (ZFŚS);Wspierający;Niemedyczny;W2. HR / Kadry-Płace;DPP / Komisja Socjalna;K.DPP;;;Tak;Nie;;;;;;;;;;;;;;
W2.09;Szkolenia obowiązkowe i podnoszenie kwalifikacji;Wspierający;Niemedyczny;W2. HR / Kadry-Płace;DPP;K.DPP;;;Tak;Nie;08_SZKOLENIA;;;;;;;;;;;;;
W2.10;Pracownicze Plany Kapitałowe (PPK);Wspierający;Niemedyczny;W2. HR / Kadry-Płace;DPP;K.DPP;;;Tak;Nie;;;;;;;;;;;;;;
W2.11;Prowadzenie akt osobowych i archiwum kadr;Wspierający;Niemedyczny;W2. HR / Kadry-Płace;DPP;K.DPP;;;Tak;Nie;;;;;;;;;;;;;;
W2.12;Medycyna pracy (profilaktyczne badania pracowników);Wspierający;Niemedyczny;W2. HR / Kadry-Płace;DPP;K.DPP;;;Tak;Tak;;;;;;;;;;;;;;
W2.13;Sprawy dyscyplinarne i rozwiązanie stosunku pracy;Wspierający;Niemedyczny;W2. HR / Kadry-Płace;DPP / RP;K.DPP, RP;;;Tak;Nie;02_OFFBOARDING (część);;;;;;;;;;;;;
W2.14;Zarządzanie dyżurami i grafikami lekarskimi (obsada lekarska, dyżury medyczne);Wspierający;Niemedyczny;W2. HR / Kadry-Płace;DPP / Kierownicy komórek medycznych / DM;K.DPP, Oddziały;;;Tak;Nie;;;;;;;;;;;;;;
W3.01;Plan postępowań o udzielenie zamówień publicznych;Wspierający;Niemedyczny;W3. Zamówienia publiczne i zakupy;DZP;DZP;;;Tak;Nie;03_ZAKUPY_DECYZJA_TRYB;;;;;;;;;;;;;
W3.02;Prowadzenie postępowań PZP (przetargi, tryby konkurencyjne);Wspierający;Niemedyczny;W3. Zamówienia publiczne i zakupy;DZP;DZP;;;Tak;Nie;04_PZP / 05_BK;;;;;;;;;;;;;
W3.03;Udzielanie zamówień podprogowych (wg regulaminu wewnętrznego);Wspierający;Niemedyczny;W3. Zamówienia publiczne i zakupy;DZP;DZP;;;Tak;Nie;06_WOLNA_REKA / 07_KONKURS_OFERT;;;;;;;;;;;;;
W3.04;Realizacja zakupów bieżących (zaopatrzenie);Wspierający;Niemedyczny;W3. Zamówienia publiczne i zakupy;DZP;DZP;;;Tak;Nie;;;;;;;;;;;;;;
W3.05;Zarządzanie umowami z dostawcami (CLM);Wspierający;Niemedyczny;W3. Zamówienia publiczne i zakupy;DZP / RP;DZP, RP;;;Tak;Nie;;;;;;;;;;;;;;
W3.06;Gospodarka magazynowa (jeśli prowadzony magazyn centralny);Wspierający;Niemedyczny;W3. Zamówienia publiczne i zakupy;DZP;DZP;;;Tak;Nie;;;;;;;;;;;;;;
W3.07;Obsługa platformy eZamówienia (Platforma e-Zamówienia);Wspierający;Niemedyczny;W3. Zamówienia publiczne i zakupy;DZP;DZP;;;Tak;Nie;;;;;;;;;;;;;;
W4.01;Wsparcie użytkowników i obsługa zgłoszeń IT;Wspierający;Niemedyczny;W4. IT / cyfryzacja / cyberbezp.;DI;DI.DI;AI-60;AW-S10;Tak;Nie;;;;;;;;;;;;;;
W4.02;Zarządzanie systemami HIS/RIS/PACS/LIS;Wspierający;Niemedyczny;W4. IT / cyfryzacja / cyberbezp.;DI;DI.DI;;;Tak;Tak;;;;;;;;;;;;;;
W4.03;Integracja z platformą P1 (EDM, e-recepta, e-skierowanie, e-ZLA);Wspierający;Niemedyczny;W4. IT / cyfryzacja / cyberbezp.;DI;DI.DI;;;Tak;Tak;;;;;;;;;;;;;;
W4.04;Zarządzanie tożsamością i dostępem (IAM);Wspierający;Niemedyczny;W4. IT / cyfryzacja / cyberbezp.;DI / ABS;DI.DI, ABS;;AW-S12, AW-S19, AW-S21;Tak;Nie;14_UPRAWNIENIA;;;;;;;;;;;;;
W4.05;Tworzenie kopii zapasowych i odtwarzanie danych;Wspierający;Niemedyczny;W4. IT / cyfryzacja / cyberbezp.;DI;DI.DI;;AW-S20;Tak;Tak;;;;;;;;;;;;;;
W4.06;Bezpieczeństwo operacyjne IT (Cyber Operations);Wspierający;Niemedyczny;W4. IT / cyfryzacja / cyberbezp.;DI / ABS;DI.DI, ABS;;AW-S17, AW-S18;Tak;Nie;;;;;;;;;;;;;;
W4.07;Reagowanie na incydenty cyberbezpieczeństwa (CSIRT);Wspierający;Niemedyczny;W4. IT / cyfryzacja / cyberbezp.;DI / ABS / PBI;DI.DI, ABS, PBI;;;Tak;Nie;15_INCYDENT;;;;;;;;;;;;;
W4.08;Zarządzanie infrastrukturą sieciową i serwerami;Wspierający;Niemedyczny;W4. IT / cyfryzacja / cyberbezp.;DI;DI.DI;;AW-S19;Nie;Nie;;;;;;;;;;;;;;
W4.09;Telefonia i łączność;Wspierający;Niemedyczny;W4. IT / cyfryzacja / cyberbezp.;DI;DI.DI;;;Tak;Nie;;;;;;;;;;;;;;
W4.10;Telemedycyna i e-rejestracja;Wspierający;Niemedyczny;W4. IT / cyfryzacja / cyberbezp.;DI;DI.DI;AI-55, AI-56;AW-S10, AW-S13;Tak;Tak;;;;;;;;;;;;;;
W4.11;Zarządzanie zmianą IT i konfiguracją;Wspierający;Niemedyczny;W4. IT / cyfryzacja / cyberbezp.;DI;DI.DI;;;Nie;Nie;;;;;;;;;;;;;;
W4.12;Utrzymanie strony WWW i BIP;Wspierający;Niemedyczny;W4. IT / cyfryzacja / cyberbezp.;DI;DI.DI;;;Nie;Nie;;;;;;;;;;;;;;
W5.01;Eksploatacja i utrzymanie obiektów (KUP, POK, CHR);Wspierający;Niemedyczny;W5. Infrastruktura techniczna i media;DT;DI.DT;;;Nie;Nie;;;;;;;;;;;;;;
W5.02;Przeglądy okresowe budynków (prawo budowlane);Wspierający;Niemedyczny;W5. Infrastruktura techniczna i media;DT;DI.DT;;;Nie;Nie;;;;;;;;;;;;;;
W5.03;Utrzymanie i serwis aparatury medycznej (paszporty techniczne);Wspierający;Niemedyczny;W5. Infrastruktura techniczna i media;DT;DI.DT;;;Nie;Nie;;;;;;;;;;;;;;
W5.04;Zarządzanie mediami (energia, woda, gaz, gazy medyczne);Wspierający;Niemedyczny;W5. Infrastruktura techniczna i media;DT;DI.DT;;;Nie;Nie;;;;;;;;;;;;;;
W5.05;Wentylacja, klimatyzacja, czystość powietrza (bloki operacyjne, sale);Wspierający;Niemedyczny;W5. Infrastruktura techniczna i media;DT;DI.DT;;;Nie;Nie;;;;;;;;;;;;;;
W5.06;Usługa pralnicza (jeśli wewnętrzna / zlecana);Wspierający;Niemedyczny;W5. Infrastruktura techniczna i media;DT / DZP;DI.DT, DZP;;;Nie;Nie;;;;;;;;;;;;;;
W5.07;Sprzątanie i utrzymanie czystości (we współpracy z DHiE);Wspierający;Niemedyczny;W5. Infrastruktura techniczna i media;DT;DI.DT, DM.DHiE;;;Nie;Nie;;;;;;;;;;;;;;
W5.08;Catering / żywienie zbiorowe pacjentów;Wspierający;Niemedyczny;W5. Infrastruktura techniczna i media;DT / DZP;DI.DT, DZP;;;Tak;Nie;;;;;;;;;;;;;;
W5.09;Gospodarka odpadami komunalnymi i medycznymi;Wspierający;Niemedyczny;W5. Infrastruktura techniczna i media;DT;DI.DT;;;Nie;Nie;;;;;;;;;;;;;;
W5.10;Transport pomocniczy i gospodarka pojazdami niemedycznymi;Wspierający;Niemedyczny;W5. Infrastruktura techniczna i media;DT;DI.DT;;;Nie;Nie;;;;;;;;;;;;;;
W5.11;Ochrona fizyczna obiektów;Wspierający;Niemedyczny;W5. Infrastruktura techniczna i media;DT;DI.DT;;;Tak;Nie;;;;;;;;;;;;;;
W6.01;Zarządzanie dokumentacją wewnętrzną (regulaminy, zarządzenia, instrukcje);Wspierający;Niemedyczny;W6. Sprawy organizacyjno-prawne;DOP;K.DOP;AI-61;AW-S21;Tak;Nie;;;;;;;;;;;;;;
W6.02;Obsługa kancelaryjna - korespondencja przychodząca i wychodząca;Wspierający;Niemedyczny;W6. Sprawy organizacyjno-prawne;DOP;K.DOP;;;Tak;Nie;;;;;;;;;;;;;;
W6.03;Prowadzenie rejestrów wewnętrznych Spółki;Wspierający;Niemedyczny;W6. Sprawy organizacyjno-prawne;DOP;K.DOP;;;Tak;Nie;;;;;;;;;;;;;;
W6.04;Archiwum zakładowe (dokumenty niemedyczne);Wspierający;Niemedyczny;W6. Sprawy organizacyjno-prawne;DOP;K.DOP;;;Tak;Nie;;;;;;;;;;;;;;
W6.05;Obsługa spraw korporacyjnych (KRS, BIP, walne);Wspierający;Niemedyczny;W6. Sprawy organizacyjno-prawne;DOP / RP;K.DOP, RP;;;Tak;Nie;;;;;;;;;;;;;;
W6.06;Obsługa wniosków o informację publiczną (UDIP);Wspierający;Niemedyczny;W6. Sprawy organizacyjno-prawne;DOP;K.DOP;;;Tak;Nie;;;;;;;;;;;;;;
W7.01;Ocena ryzyka zawodowego na stanowiskach pracy;Wspierający;Niemedyczny;W7. BHP, P-POŻ i sprawy obronne;BHP;BHP;;;Tak;Nie;;;;;;;;;;;;;;
W7.02;Postępowania powypadkowe i rejestr wypadków;Wspierający;Niemedyczny;W7. BHP, P-POŻ i sprawy obronne;BHP;BHP;;;Tak;Tak;;;;;;;;;;;;;;
W7.03;Szkolenia BHP (wstępne i okresowe);Wspierający;Niemedyczny;W7. BHP, P-POŻ i sprawy obronne;BHP / DPP;BHP, K.DPP;;;Tak;Nie;;;;;;;;;;;;;;
W7.04;Środki ochrony indywidualnej - zapewnienie;Wspierający;Niemedyczny;W7. BHP, P-POŻ i sprawy obronne;BHP / DZP;BHP, DZP;;;Tak;Nie;;;;;;;;;;;;;;
W7.05;Plany ewakuacji i procedury P-POŻ;Wspierający;Niemedyczny;W7. BHP, P-POŻ i sprawy obronne;P-POŻ;P-POŻ;;;Tak;Nie;;;;;;;;;;;;;;
W7.06;Przeglądy sprzętu i instalacji P-POŻ;Wspierający;Niemedyczny;W7. BHP, P-POŻ i sprawy obronne;P-POŻ / DT;P-POŻ, DI.DT;;;Tak;Nie;;;;;;;;;;;;;;
W7.07;Szkolenia i ćwiczenia P-POŻ;Wspierający;Niemedyczny;W7. BHP, P-POŻ i sprawy obronne;P-POŻ;P-POŻ;;;Tak;Nie;;;;;;;;;;;;;;
W7.08;Sprawy obronne - planowanie OC i MOB;Wspierający;Niemedyczny;W7. BHP, P-POŻ i sprawy obronne;OBR;OBR;;;Tak;Nie;;;;;;;;;;;;;;
W7.09;Współpraca z organami obronnymi (WSzW, ZW Opolski);Wspierający;Niemedyczny;W7. BHP, P-POŻ i sprawy obronne;OBR;OBR;;;Tak;Nie;;;;;;;;;;;;;;
W8.01;Planowanie i programowanie inwestycji;Wspierający;Niemedyczny;W8. Inwestycje i rozwój;Dyrektor ds. Inw. i Rozwoju;DI;;;Nie;Nie;;;;;;;;;;;;;;
W8.02;Realizacja projektów inwestycyjnych (CapEx);Wspierający;Niemedyczny;W8. Inwestycje i rozwój;Dyrektor ds. Inw. i Rozwoju;DI;;;Nie;Nie;;;;;;;;;;;;;;
W8.03;Pozyskiwanie środków zewnętrznych (UE, dotacje, MZ);Wspierający;Niemedyczny;W8. Inwestycje i rozwój;Dyrektor ds. Inw. i Rozwoju;DI;;;Nie;Nie;05_BK;;;;;;;;;;;;;
W8.04;Rozliczanie projektów dotacyjnych;Wspierający;Niemedyczny;W8. Inwestycje i rozwój;DI / DFK;DI, K.DFK;;;Nie;Nie;;;;;;;;;;;;;;
W8.05;Rozwój oferty usług medycznych (nowe świadczenia, oddziały);Wspierający;Niemedyczny;W8. Inwestycje i rozwój;DI / DM / Zarząd;DI, DM, Z;;;Nie;Nie;;;;;;;;;;;;;;
W8.06;Współpraca naukowo-kliniczna (oddziały kliniczne);Wspierający;Niemedyczny;W8. Inwestycje i rozwój;DM / DI;DM, DI;;;Nie;Nie;;;;;;;;;;;;;;
W9.01;Obsługa skarg, wniosków i reklamacji pacjentów;Wspierający;Niemedyczny;W9. Komunikacja i obsługa pacjenta nieklinicznego;PPP / DOP;PPP, K.DOP;;;Tak;Nie;;;;;;;;;;;;;;
W9.02;Edukacja w zakresie praw pacjenta;Wspierający;Niemedyczny;W9. Komunikacja i obsługa pacjenta nieklinicznego;PPP;PPP;;;Tak;Nie;;;;;;;;;;;;;;
W9.03;Audyt i poprawa dostępności (architektoniczna / inf.-komun. / cyfrowa);Wspierający;Niemedyczny;W9. Komunikacja i obsługa pacjenta nieklinicznego;PD;PD;;;Tak;Nie;;;;;;;;;;;;;;
W9.04;Komunikacja zewnętrzna (strona WWW, BIP, media);Wspierający;Niemedyczny;W9. Komunikacja i obsługa pacjenta nieklinicznego;Zarząd / DI / DOP;Z, DI.DI, K.DOP;;;Tak;Nie;;;;;;;;;;;;;;
W9.05;Ankiety satysfakcji pacjenta;Wspierający;Niemedyczny;W9. Komunikacja i obsługa pacjenta nieklinicznego;PA / PPP;PA, PPP;;;Tak;Nie;;;;;;;;;;;;;;
G2.07;Diagnostyka obrazowa ze wspomaganiem AI (analiza w PUI);Główny;Medyczny;G2. Diagnostyka obrazowa;Lekarz radiolog / DI.DI;Pracownie RTG/TK, DI.DI;AI-13, AI-54, AI-58;AW-S03, AW-S08, AW-S11, AW-H06, AW-O06, AW-S22, AW-S23;Tak;Tak;;;;;;;;;;;;;;
W4.13;Monitorowanie bezpieczeństwa i obsługa SOC 24/7;Wspierający;Niemedyczny;W4. IT / cyfryzacja / cyberbezp.;ABS / DI.DI;DI.DI (+ dostawca SOC);AI-36, AI-51;AW-S17, AW-S18, AW-S16, AW-O05;Tak;Nie;;;;;;;;;;;;;;
W4.14;Zarządzanie podatnościami i testy bezpieczeństwa;Wspierający;Niemedyczny;W4. IT / cyfryzacja / cyberbezp.;ABS / DI.DI;DI.DI;AI-48, AI-51;AW-S18, AW-S16;Nie;Nie;;;;;;;;;;;;;;
W4.15;Monitorowanie środowiska IT i HIS;Wspierający;Niemedyczny;W4. IT / cyfryzacja / cyberbezp.;DI.DI;DI.DI;AI-51;AW-S16, AW-H01, AW-H06;Nie;Nie;;;;;;;;;;;;;;
G8.06;Digitalizacja dokumentacji medycznej (skan -> EDM -> P1);Główny;Medyczny;G8. Dokumentacja medyczna i archiwum;SDM / DI.DI;DM.SDM, DI.DI;AI-05, AI-57, AI-58, AI-61;AW-S09, AW-S05, AW-S08, AW-H07, AW-S21;Tak;Tak;;;;;;;;;;;;;;
Z2.09;Nadzór nad systemami AI (ISO/IEC 42001);Zarządczy;Niemedyczny;Z2. Systemy zgodności (ZSZ, SZBI, Akredytacja);Pełnomocnik ds. ZSZ / PBI;PZSZ, DI.DI;AI-60, AI-53, AI-54;AW-S10, AW-H06;Tak;Tak;;;;;;;;;;;;;;
